Date,Currency,Exchange
2024-01-01,USD,1.0
2024-01-01,CAD,1.32
2024-01-01,AUD,1.55
2024-01-01,EUR,0.92
2024-01-01,GBP,0.79
2024-01-02,USD,1.0
2024-01-02,CAD,1.32
2024-01-02,AUD,1.55
2024-01-02,EUR,0.92
2024-01-02,GBP,0.79
2024-01-03,USD,1.0
2024-01-03,CAD,1.32
2024-01-03,AUD,1.55
2024-01-03,EUR,0.92
2024-01-03,GBP,0.79
2024-01-04,USD,1.0
2024-01-04,CAD,1.32
2024-01-04,AUD,1.55
2024-01-04,EUR,0.92
2024-01-04,GBP,0.79
2024-01-05,USD,1.0
2024-01-05,CAD,1.32
2024-01-05,AUD,1.55
2024-01-05,EUR,0.92
2024-01-05,GBP,0.79
2024-01-06,USD,1.0
2024-01-06,CAD,1.32
2024-01-06,AUD,1.55
2024-01-06,EUR,0.92
2024-01-06,GBP,0.79
2024-01-07,USD,1.0
2024-01-07,CAD,1.32
2024-01-07,AUD,1.55
2024-01-07,EUR,0.92
2024-01-07,GBP,0.79
2024-01-08,USD,1.0
2024-01-08,CAD,1.32
2024-01-08,AUD,1.55
2024-01-08,EUR,0.92
2024-01-08,GBP,0.79
2024-01-09,USD,1.0
2024-01-09,CAD,1.32
2024-01-09,AUD,1.55
2024-01-09,EUR,0.92
2024-01-09,GBP,0.79
2024-01-10,USD,1.0
2024-01-10,CAD,1.32
2024-01-10,AUD,1.55
2024-01-10,EUR,0.92
2024-01-10,GBP,0.79
2024-01-11,USD,1.0
2024-01-11,CAD,1.32
2024-01-11,AUD,1.55
2024-01-11,EUR,0.92
2024-01-11,GBP,0.79
2024-01-12,USD,1.0
2024-01-12,CAD,1.32
2024-01-12,AUD,1.55
2024-01-12,EUR,0.92
2024-01-12,GBP,0.79
2024-01-13,USD,1.0
2024-01-13,CAD,1.32
2024-01-13,AUD,1.55
2024-01-13,EUR,0.92
2024-01-13,GBP,0.79
2024-01-14,USD,1.0
2024-01-14,CAD,1.32
2024-01-14,AUD,1.55
2024-01-14,EUR,0.92
2024-01-14,GBP,0.79
2024-01-15,USD,1.0
2024-01-15,CAD,1.32
2024-01-15,AUD,1.55
2024-01-15,EUR,0.92
2024-01-15,GBP,0.79
2024-01-16,USD,1.0
2024-01-16,CAD,1.32
2024-01-16,AUD,1.55
2024-01-16,EUR,0.92
2024-01-16,GBP,0.79
2024-01-17,USD,1.0
2024-01-17,CAD,1.32
2024-01-17,AUD,1.55
2024-01-17,EUR,0.92
2024-01-17,GBP,0.79
2024-01-18,USD,1.0
2024-01-18,CAD,1.32
2024-01-18,AUD,1.55
2024-01-18,EUR,0.92
2024-01-18,GBP,0.79
2024-01-19,USD,1.0
2024-01-19,CAD,1.32
2024-01-19,AUD,1.55
2024-01-19,EUR,0.92
2024-01-19,GBP,0.79
2024-01-20,USD,1.0
2024-01-20,CAD,1.32
2024-01-20,AUD,1.55
2024-01-20,EUR,0.92
2024-01-20,GBP,0.79
2024-01-21,USD,1.0
2024-01-21,CAD,1.32
2024-01-21,AUD,1.55
2024-01-21,EUR,0.92
2024-01-21,GBP,0.79
2024-01-22,USD,1.0
2024-01-22,CAD,1.32
2024-01-22,AUD,1.55
2024-01-22,EUR,0.92
2024-01-22,GBP,0.79
2024-01-23,USD,1.0
2024-01-23,CAD,1.32
2024-01-23,AUD,1.55
2024-01-23,EUR,0.92
2024-01-23,GBP,0.79
2024-01-24,USD,1.0
2024-01-24,CAD,1.32
2024-01-24,AUD,1.55
2024-01-24,EUR,0.92
2024-01-24,GBP,0.79
2024-01-25,USD,1.0
2024-01-25,CAD,1.32
2024-01-25,AUD,1.55
2024-01-25,EUR,0.92
2024-01-25,GBP,0.79
2024-01-26,USD,1.0
2024-01-26,CAD,1.32
2024-01-26,AUD,1.55
2024-01-26,EUR,0.92
2024-01-26,GBP,0.79
2024-01-27,USD,1.0
2024-01-27,CAD,1.32
2024-01-27,AUD,1.55
2024-01-27,EUR,0.92
2024-01-27,GBP,0.79
2024-01-28,USD,1.0
2024-01-28,CAD,1.32
2024-01-28,AUD,1.55
2024-01-28,EUR,0.92
2024-01-28,GBP,0.79
2024-01-29,USD,1.0
2024-01-29,CAD,1.32
2024-01-29,AUD,1.55
2024-01-29,EUR,0.92
2024-01-29,GBP,0.79
2024-01-30,USD,1.0
2024-01-30,CAD,1.32
2024-01-30,AUD,1.55
2024-01-30,EUR,0.92
2024-01-30,GBP,0.79
2024-01-31,USD,1.0
2024-01-31,CAD,1.32
2024-01-31,AUD,1.55
2024-01-31,EUR,0.92
2024-01-31,GBP,0.79
2024-02-01,USD,1.0
2024-02-01,CAD,1.32
2024-02-01,AUD,1.55
2024-02-01,EUR,0.92
2024-02-01,GBP,0.79
2024-02-02,USD,1.0
2024-02-02,CAD,1.32
2024-02-02,AUD,1.55
2024-02-02,EUR,0.92
2024-02-02,GBP,0.79
2024-02-03,USD,1.0
2024-02-03,CAD,1.32
2024-02-03,AUD,1.55
2024-02-03,EUR,0.92
2024-02-03,GBP,0.79
2024-02-04,USD,1.0
2024-02-04,CAD,1.32
2024-02-04,AUD,1.55
2024-02-04,EUR,0.92
2024-02-04,GBP,0.79
2024-02-05,USD,1.0
2024-02-05,CAD,1.32
2024-02-05,AUD,1.55
2024-02-05,EUR,0.92
2024-02-05,GBP,0.79
2024-02-06,USD,1.0
2024-02-06,CAD,1.32
2024-02-06,AUD,1.55
2024-02-06,EUR,0.92
2024-02-06,GBP,0.79
2024-02-07,USD,1.0
2024-02-07,CAD,1.32
2024-02-07,AUD,1.55
2024-02-07,EUR,0.92
2024-02-07,GBP,0.79
2024-02-08,USD,1.0
2024-02-08,CAD,1.32
2024-02-08,AUD,1.55
2024-02-08,EUR,0.92
2024-02-08,GBP,0.79
2024-02-09,USD,1.0
2024-02-09,CAD,1.32
2024-02-09,AUD,1.55
2024-02-09,EUR,0.92
2024-02-09,GBP,0.79
2024-02-10,USD,1.0
2024-02-10,CAD,1.32
2024-02-10,AUD,1.55
2024-02-10,EUR,0.92
2024-02-10,GBP,0.79
2024-02-11,USD,1.0
2024-02-11,CAD,1.32
2024-02-11,AUD,1.55
2024-02-11,EUR,0.92
2024-02-11,GBP,0.79
2024-02-12,USD,1.0
2024-02-12,CAD,1.32
2024-02-12,AUD,1.55
2024-02-12,EUR,0.92
2024-02-12,GBP,0.79
2024-02-13,USD,1.0
2024-02-13,CAD,1.32
2024-02-13,AUD,1.55
2024-02-13,EUR,0.92
2024-02-13,GBP,0.79
2024-02-14,USD,1.0
2024-02-14,CAD,1.32
2024-02-14,AUD,1.55
2024-02-14,EUR,0.92
2024-02-14,GBP,0.79
2024-02-15,USD,1.0
2024-02-15,CAD,1.32
2024-02-15,AUD,1.55
2024-02-15,EUR,0.92
2024-02-15,GBP,0.79
2024-02-16,USD,1.0
2024-02-16,CAD,1.32
2024-02-16,AUD,1.55
2024-02-16,EUR,0.92
2024-02-16,GBP,0.79
2024-02-17,USD,1.0
2024-02-17,CAD,1.32
2024-02-17,AUD,1.55
2024-02-17,EUR,0.92
2024-02-17,GBP,0.79
2024-02-18,USD,1.0
2024-02-18,CAD,1.32
2024-02-18,AUD,1.55
2024-02-18,EUR,0.92
2024-02-18,GBP,0.79
2024-02-19,USD,1.0
2024-02-19,CAD,1.32
2024-02-19,AUD,1.55
2024-02-19,EUR,0.92
2024-02-19,GBP,0.79
2024-02-20,USD,1.0
2024-02-20,CAD,1.32
2024-02-20,AUD,1.55
2024-02-20,EUR,0.92
2024-02-20,GBP,0.79
2024-02-21,USD,1.0
2024-02-21,CAD,1.32
2024-02-21,AUD,1.55
2024-02-21,EUR,0.92
2024-02-21,GBP,0.79
2024-02-22,USD,1.0
2024-02-22,CAD,1.32
2024-02-22,AUD,1.55
2024-02-22,EUR,0.92
2024-02-22,GBP,0.79
2024-02-23,USD,1.0
2024-02-23,CAD,1.32
2024-02-23,AUD,1.55
2024-02-23,EUR,0.92
2024-02-23,GBP,0.79
2024-02-24,USD,1.0
2024-02-24,CAD,1.32
2024-02-24,AUD,1.55
2024-02-24,EUR,0.92
2024-02-24,GBP,0.79
2024-02-25,USD,1.0
2024-02-25,CAD,1.32
2024-02-25,AUD,1.55
2024-02-25,EUR,0.92
2024-02-25,GBP,0.79
2024-02-26,USD,1.0
2024-02-26,CAD,1.32
2024-02-26,AUD,1.55
2024-02-26,EUR,0.92
2024-02-26,GBP,0.79
2024-02-27,USD,1.0
2024-02-27,CAD,1.32
2024-02-27,AUD,1.55
2024-02-27,EUR,0.92
2024-02-27,GBP,0.79
2024-02-28,USD,1.0
2024-02-28,CAD,1.32
2024-02-28,AUD,1.55
2024-02-28,EUR,0.92
2024-02-28,GBP,0.79
2024-02-29,USD,1.0
2024-02-29,CAD,1.32
2024-02-29,AUD,1.55
2024-02-29,EUR,0.92
2024-02-29,GBP,0.79
2024-03-01,USD,1.0
2024-03-01,CAD,1.32
2024-03-01,AUD,1.55
2024-03-01,EUR,0.92
2024-03-01,GBP,0.79
2024-03-02,USD,1.0
2024-03-02,CAD,1.32
2024-03-02,AUD,1.55
2024-03-02,EUR,0.92
2024-03-02,GBP,0.79
2024-03-03,USD,1.0
2024-03-03,CAD,1.32
2024-03-03,AUD,1.55
2024-03-03,EUR,0.92
2024-03-03,GBP,0.79
2024-03-04,USD,1.0
2024-03-04,CAD,1.32
2024-03-04,AUD,1.55
2024-03-04,EUR,0.92
2024-03-04,GBP,0.79
2024-03-05,USD,1.0
2024-03-05,CAD,1.32
2024-03-05,AUD,1.55
2024-03-05,EUR,0.92
2024-03-05,GBP,0.79
2024-03-06,USD,1.0
2024-03-06,CAD,1.32
2024-03-06,AUD,1.55
2024-03-06,EUR,0.92
2024-03-06,GBP,0.79
2024-03-07,USD,1.0
2024-03-07,CAD,1.32
2024-03-07,AUD,1.55
2024-03-07,EUR,0.92
2024-03-07,GBP,0.79
2024-03-08,USD,1.0
2024-03-08,CAD,1.32
2024-03-08,AUD,1.55
2024-03-08,EUR,0.92
2024-03-08,GBP,0.79
2024-03-09,USD,1.0
2024-03-09,CAD,1.32
2024-03-09,AUD,1.55
2024-03-09,EUR,0.92
2024-03-09,GBP,0.79
2024-03-10,USD,1.0
2024-03-10,CAD,1.32
2024-03-10,AUD,1.55
2024-03-10,EUR,0.92
2024-03-10,GBP,0.79
2024-03-11,USD,1.0
2024-03-11,CAD,1.32
2024-03-11,AUD,1.55
2024-03-11,EUR,0.92
2024-03-11,GBP,0.79
2024-03-12,USD,1.0
2024-03-12,CAD,1.32
2024-03-12,AUD,1.55
2024-03-12,EUR,0.92
2024-03-12,GBP,0.79
2024-03-13,USD,1.0
2024-03-13,CAD,1.32
2024-03-13,AUD,1.55
2024-03-13,EUR,0.92
2024-03-13,GBP,0.79
2024-03-14,USD,1.0
2024-03-14,CAD,1.32
2024-03-14,AUD,1.55
2024-03-14,EUR,0.92
2024-03-14,GBP,0.79
2024-03-15,USD,1.0
2024-03-15,CAD,1.32
2024-03-15,AUD,1.55
2024-03-15,EUR,0.92
2024-03-15,GBP,0.79
2024-03-16,USD,1.0
2024-03-16,CAD,1.32
2024-03-16,AUD,1.55
2024-03-16,EUR,0.92
2024-03-16,GBP,0.79
2024-03-17,USD,1.0
2024-03-17,CAD,1.32
2024-03-17,AUD,1.55
2024-03-17,EUR,0.92
2024-03-17,GBP,0.79
2024-03-18,USD,1.0
2024-03-18,CAD,1.32
2024-03-18,AUD,1.55
2024-03-18,EUR,0.92
2024-03-18,GBP,0.79
2024-03-19,USD,1.0
2024-03-19,CAD,1.32
2024-03-19,AUD,1.55
2024-03-19,EUR,0.92
2024-03-19,GBP,0.79
2024-03-20,USD,1.0
2024-03-20,CAD,1.32
2024-03-20,AUD,1.55
2024-03-20,EUR,0.92
2024-03-20,GBP,0.79
2024-03-21,USD,1.0
2024-03-21,CAD,1.32
2024-03-21,AUD,1.55
2024-03-21,EUR,0.92
2024-03-21,GBP,0.79
2024-03-22,USD,1.0
2024-03-22,CAD,1.32
2024-03-22,AUD,1.55
2024-03-22,EUR,0.92
2024-03-22,GBP,0.79
2024-03-23,USD,1.0
2024-03-23,CAD,1.32
2024-03-23,AUD,1.55
2024-03-23,EUR,0.92
2024-03-23,GBP,0.79
2024-03-24,USD,1.0
2024-03-24,CAD,1.32
2024-03-24,AUD,1.55
2024-03-24,EUR,0.92
2024-03-24,GBP,0.79
2024-03-25,USD,1.0
2024-03-25,CAD,1.32
2024-03-25,AUD,1.55
2024-03-25,EUR,0.92
2024-03-25,GBP,0.79
2024-03-26,USD,1.0
2024-03-26,CAD,1.32
2024-03-26,AUD,1.55
2024-03-26,EUR,0.92
2024-03-26,GBP,0.79
2024-03-27,USD,1.0
2024-03-27,CAD,1.32
2024-03-27,AUD,1.55
2024-03-27,EUR,0.92
2024-03-27,GBP,0.79
2024-03-28,USD,1.0
2024-03-28,CAD,1.32
2024-03-28,AUD,1.55
2024-03-28,EUR,0.92
2024-03-28,GBP,0.79
2024-03-29,USD,1.0
2024-03-29,CAD,1.32
2024-03-29,AUD,1.55
2024-03-29,EUR,0.92
2024-03-29,GBP,0.79
2024-03-30,USD,1.0
2024-03-30,CAD,1.32
2024-03-30,AUD,1.55
2024-03-30,EUR,0.92
2024-03-30,GBP,0.79
2024-03-31,USD,1.0
2024-03-31,CAD,1.32
2024-03-31,AUD,1.55
2024-03-31,EUR,0.92
2024-03-31,GBP,0.79
2024-04-01,USD,1.0
2024-04-01,CAD,1.32
2024-04-01,AUD,1.55
2024-04-01,EUR,0.92
2024-04-01,GBP,0.79
2024-04-02,USD,1.0
2024-04-02,CAD,1.32
2024-04-02,AUD,1.55
2024-04-02,EUR,0.92
2024-04-02,GBP,0.79
2024-04-03,USD,1.0
2024-04-03,CAD,1.32
2024-04-03,AUD,1.55
2024-04-03,EUR,0.92
2024-04-03,GBP,0.79
2024-04-04,USD,1.0
2024-04-04,CAD,1.32
2024-04-04,AUD,1.55
2024-04-04,EUR,0.92
2024-04-04,GBP,0.79
2024-04-05,USD,1.0
2024-04-05,CAD,1.32
2024-04-05,AUD,1.55
2024-04-05,EUR,0.92
2024-04-05,GBP,0.79
2024-04-06,USD,1.0
2024-04-06,CAD,1.32
2024-04-06,AUD,1.55
2024-04-06,EUR,0.92
2024-04-06,GBP,0.79
2024-04-07,USD,1.0
2024-04-07,CAD,1.32
2024-04-07,AUD,1.55
2024-04-07,EUR,0.92
2024-04-07,GBP,0.79
2024-04-08,USD,1.0
2024-04-08,CAD,1.32
2024-04-08,AUD,1.55
2024-04-08,EUR,0.92
2024-04-08,GBP,0.79
2024-04-09,USD,1.0
2024-04-09,CAD,1.32
2024-04-09,AUD,1.55
2024-04-09,EUR,0.92
2024-04-09,GBP,0.79
2024-04-10,USD,1.0
2024-04-10,CAD,1.32
2024-04-10,AUD,1.55
2024-04-10,EUR,0.92
2024-04-10,GBP,0.79
2024-04-11,USD,1.0
2024-04-11,CAD,1.32
2024-04-11,AUD,1.55
2024-04-11,EUR,0.92
2024-04-11,GBP,0.79
2024-04-12,USD,1.0
2024-04-12,CAD,1.32
2024-04-12,AUD,1.55
2024-04-12,EUR,0.92
2024-04-12,GBP,0.79
2024-04-13,USD,1.0
2024-04-13,CAD,1.32
2024-04-13,AUD,1.55
2024-04-13,EUR,0.92
2024-04-13,GBP,0.79
2024-04-14,USD,1.0
2024-04-14,CAD,1.32
2024-04-14,AUD,1.55
2024-04-14,EUR,0.92
2024-04-14,GBP,0.79
2024-04-15,USD,1.0
2024-04-15,CAD,1.32
2024-04-15,AUD,1.55
2024-04-15,EUR,0.92
2024-04-15,GBP,0.79
2024-04-16,USD,1.0
2024-04-16,CAD,1.32
2024-04-16,AUD,1.55
2024-04-16,EUR,0.92
2024-04-16,GBP,0.79
2024-04-17,USD,1.0
2024-04-17,CAD,1.32
2024-04-17,AUD,1.55
2024-04-17,EUR,0.92
2024-04-17,GBP,0.79
2024-04-18,USD,1.0
2024-04-18,CAD,1.32
2024-04-18,AUD,1.55
2024-04-18,EUR,0.92
2024-04-18,GBP,0.79
2024-04-19,USD,1.0
2024-04-19,CAD,1.32
2024-04-19,AUD,1.55
2024-04-19,EUR,0.92
2024-04-19,GBP,0.79
2024-04-20,USD,1.0
2024-04-20,CAD,1.32
2024-04-20,AUD,1.55
2024-04-20,EUR,0.92
2024-04-20,GBP,0.79
2024-04-21,USD,1.0
2024-04-21,CAD,1.32
2024-04-21,AUD,1.55
2024-04-21,EUR,0.92
2024-04-21,GBP,0.79
2024-04-22,USD,1.0
2024-04-22,CAD,1.32
2024-04-22,AUD,1.55
2024-04-22,EUR,0.92
2024-04-22,GBP,0.79
2024-04-23,USD,1.0
2024-04-23,CAD,1.32
2024-04-23,AUD,1.55
2024-04-23,EUR,0.92
2024-04-23,GBP,0.79
2024-04-24,USD,1.0
2024-04-24,CAD,1.32
2024-04-24,AUD,1.55
2024-04-24,EUR,0.92
2024-04-24,GBP,0.79
2024-04-25,USD,1.0
2024-04-25,CAD,1.32
2024-04-25,AUD,1.55
2024-04-25,EUR,0.92
2024-04-25,GBP,0.79
2024-04-26,USD,1.0
2024-04-26,CAD,1.32
2024-04-26,AUD,1.55
2024-04-26,EUR,0.92
2024-04-26,GBP,0.79
2024-04-27,USD,1.0
2024-04-27,CAD,1.32
2024-04-27,AUD,1.55
2024-04-27,EUR,0.92
2024-04-27,GBP,0.79
2024-04-28,USD,1.0
2024-04-28,CAD,1.32
2024-04-28,AUD,1.55
2024-04-28,EUR,0.92
2024-04-28,GBP,0.79
2024-04-29,USD,1.0
2024-04-29,CAD,1.32
2024-04-29,AUD,1.55
2024-04-29,EUR,0.92
2024-04-29,GBP,0.79
2024-04-30,USD,1.0
2024-04-30,CAD,1.32
2024-04-30,AUD,1.55
2024-04-30,EUR,0.92
2024-04-30,GBP,0.79
2024-05-01,USD,1.0
2024-05-01,CAD,1.32
2024-05-01,AUD,1.55
2024-05-01,EUR,0.92
2024-05-01,GBP,0.79
2024-05-02,USD,1.0
2024-05-02,CAD,1.32
2024-05-02,AUD,1.55
2024-05-02,EUR,0.92
2024-05-02,GBP,0.79
2024-05-03,USD,1.0
2024-05-03,CAD,1.32
2024-05-03,AUD,1.55
2024-05-03,EUR,0.92
2024-05-03,GBP,0.79
2024-05-04,USD,1.0
2024-05-04,CAD,1.32
2024-05-04,AUD,1.55
2024-05-04,EUR,0.92
2024-05-04,GBP,0.79
2024-05-05,USD,1.0
2024-05-05,CAD,1.32
2024-05-05,AUD,1.55
2024-05-05,EUR,0.92
2024-05-05,GBP,0.79
2024-05-06,USD,1.0
2024-05-06,CAD,1.32
2024-05-06,AUD,1.55
2024-05-06,EUR,0.92
2024-05-06,GBP,0.79
2024-05-07,USD,1.0
2024-05-07,CAD,1.32
2024-05-07,AUD,1.55
2024-05-07,EUR,0.92
2024-05-07,GBP,0.79
2024-05-08,USD,1.0
2024-05-08,CAD,1.32
2024-05-08,AUD,1.55
2024-05-08,EUR,0.92
2024-05-08,GBP,0.79
2024-05-09,USD,1.0
2024-05-09,CAD,1.32
2024-05-09,AUD,1.55
2024-05-09,EUR,0.92
2024-05-09,GBP,0.79
2024-05-10,USD,1.0
2024-05-10,CAD,1.32
2024-05-10,AUD,1.55
2024-05-10,EUR,0.92
2024-05-10,GBP,0.79
2024-05-11,USD,1.0
2024-05-11,CAD,1.32
2024-05-11,AUD,1.55
2024-05-11,EUR,0.92
2024-05-11,GBP,0.79
2024-05-12,USD,1.0
2024-05-12,CAD,1.32
2024-05-12,AUD,1.55
2024-05-12,EUR,0.92
2024-05-12,GBP,0.79
2024-05-13,USD,1.0
2024-05-13,CAD,1.32
2024-05-13,AUD,1.55
2024-05-13,EUR,0.92
2024-05-13,GBP,0.79
2024-05-14,USD,1.0
2024-05-14,CAD,1.32
2024-05-14,AUD,1.55
2024-05-14,EUR,0.92
2024-05-14,GBP,0.79
2024-05-15,USD,1.0
2024-05-15,CAD,1.32
2024-05-15,AUD,1.55
2024-05-15,EUR,0.92
2024-05-15,GBP,0.79
2024-05-16,USD,1.0
2024-05-16,CAD,1.32
2024-05-16,AUD,1.55
2024-05-16,EUR,0.92
2024-05-16,GBP,0.79
2024-05-17,USD,1.0
2024-05-17,CAD,1.32
2024-05-17,AUD,1.55
2024-05-17,EUR,0.92
2024-05-17,GBP,0.79
2024-05-18,USD,1.0
2024-05-18,CAD,1.32
2024-05-18,AUD,1.55
2024-05-18,EUR,0.92
2024-05-18,GBP,0.79
2024-05-19,USD,1.0
2024-05-19,CAD,1.32
2024-05-19,AUD,1.55
2024-05-19,EUR,0.92
2024-05-19,GBP,0.79
2024-05-20,USD,1.0
2024-05-20,CAD,1.32
2024-05-20,AUD,1.55
2024-05-20,EUR,0.92
2024-05-20,GBP,0.79
2024-05-21,USD,1.0
2024-05-21,CAD,1.32
2024-05-21,AUD,1.55
2024-05-21,EUR,0.92
2024-05-21,GBP,0.79
2024-05-22,USD,1.0
2024-05-22,CAD,1.32
2024-05-22,AUD,1.55
2024-05-22,EUR,0.92
2024-05-22,GBP,0.79
2024-05-23,USD,1.0
2024-05-23,CAD,1.32
2024-05-23,AUD,1.55
2024-05-23,EUR,0.92
2024-05-23,GBP,0.79
2024-05-24,USD,1.0
2024-05-24,CAD,1.32
2024-05-24,AUD,1.55
2024-05-24,EUR,0.92
2024-05-24,GBP,0.79
2024-05-25,USD,1.0
2024-05-25,CAD,1.32
2024-05-25,AUD,1.55
2024-05-25,EUR,0.92
2024-05-25,GBP,0.79
2024-05-26,USD,1.0
2024-05-26,CAD,1.32
2024-05-26,AUD,1.55
2024-05-26,EUR,0.92
2024-05-26,GBP,0.79
2024-05-27,USD,1.0
2024-05-27,CAD,1.32
2024-05-27,AUD,1.55
2024-05-27,EUR,0.92
2024-05-27,GBP,0.79
2024-05-28,USD,1.0
2024-05-28,CAD,1.32
2024-05-28,AUD,1.55
2024-05-28,EUR,0.92
2024-05-28,GBP,0.79
2024-05-29,USD,1.0
2024-05-29,CAD,1.32
2024-05-29,AUD,1.55
2024-05-29,EUR,0.92
2024-05-29,GBP,0.79
2024-05-30,USD,1.0
2024-05-30,CAD,1.32
2024-05-30,AUD,1.55
2024-05-30,EUR,0.92
2024-05-30,GBP,0.79
2024-05-31,USD,1.0
2024-05-31,CAD,1.32
2024-05-31,AUD,1.55
2024-05-31,EUR,0.92
2024-05-31,GBP,0.79
2024-06-01,USD,1.0
2024-06-01,CAD,1.32
2024-06-01,AUD,1.55
2024-06-01,EUR,0.92
2024-06-01,GBP,0.79
2024-06-02,USD,1.0
2024-06-02,CAD,1.32
2024-06-02,AUD,1.55
2024-06-02,EUR,0.92
2024-06-02,GBP,0.79
2024-06-03,USD,1.0
2024-06-03,CAD,1.32
2024-06-03,AUD,1.55
2024-06-03,EUR,0.92
2024-06-03,GBP,0.79
2024-06-04,USD,1.0
2024-06-04,CAD,1.32
2024-06-04,AUD,1.55
2024-06-04,EUR,0.92
2024-06-04,GBP,0.79
2024-06-05,USD,1.0
2024-06-05,CAD,1.32
2024-06-05,AUD,1.55
2024-06-05,EUR,0.92
2024-06-05,GBP,0.79
2024-06-06,USD,1.0
2024-06-06,CAD,1.32
2024-06-06,AUD,1.55
2024-06-06,EUR,0.92
2024-06-06,GBP,0.79
2024-06-07,USD,1.0
2024-06-07,CAD,1.32
2024-06-07,AUD,1.55
2024-06-07,EUR,0.92
2024-06-07,GBP,0.79
2024-06-08,USD,1.0
2024-06-08,CAD,1.32
2024-06-08,AUD,1.55
2024-06-08,EUR,0.92
2024-06-08,GBP,0.79
2024-06-09,USD,1.0
2024-06-09,CAD,1.32
2024-06-09,AUD,1.55
2024-06-09,EUR,0.92
2024-06-09,GBP,0.79
2024-06-10,USD,1.0
2024-06-10,CAD,1.32
2024-06-10,AUD,1.55
2024-06-10,EUR,0.92
2024-06-10,GBP,0.79
2024-06-11,USD,1.0
2024-06-11,CAD,1.32
2024-06-11,AUD,1.55
2024-06-11,EUR,0.92
2024-06-11,GBP,0.79
2024-06-12,USD,1.0
2024-06-12,CAD,1.32
2024-06-12,AUD,1.55
2024-06-12,EUR,0.92
2024-06-12,GBP,0.79
2024-06-13,USD,1.0
2024-06-13,CAD,1.32
2024-06-13,AUD,1.55
2024-06-13,EUR,0.92
2024-06-13,GBP,0.79
2024-06-14,USD,1.0
2024-06-14,CAD,1.32
2024-06-14,AUD,1.55
2024-06-14,EUR,0.92
2024-06-14,GBP,0.79
2024-06-15,USD,1.0
2024-06-15,CAD,1.32
2024-06-15,AUD,1.55
2024-06-15,EUR,0.92
2024-06-15,GBP,0.79
2024-06-16,USD,1.0
2024-06-16,CAD,1.32
2024-06-16,AUD,1.55
2024-06-16,EUR,0.92
2024-06-16,GBP,0.79
2024-06-17,USD,1.0
2024-06-17,CAD,1.32
2024-06-17,AUD,1.55
2024-06-17,EUR,0.92
2024-06-17,GBP,0.79
2024-06-18,USD,1.0
2024-06-18,CAD,1.32
2024-06-18,AUD,1.55
2024-06-18,EUR,0.92
2024-06-18,GBP,0.79
2024-06-19,USD,1.0
2024-06-19,CAD,1.32
2024-06-19,AUD,1.55
2024-06-19,EUR,0.92
2024-06-19,GBP,0.79
2024-06-20,USD,1.0
2024-06-20,CAD,1.32
2024-06-20,AUD,1.55
2024-06-20,EUR,0.92
2024-06-20,GBP,0.79
2024-06-21,USD,1.0
2024-06-21,CAD,1.32
2024-06-21,AUD,1.55
2024-06-21,EUR,0.92
2024-06-21,GBP,0.79
2024-06-22,USD,1.0
2024-06-22,CAD,1.32
2024-06-22,AUD,1.55
2024-06-22,EUR,0.92
2024-06-22,GBP,0.79
2024-06-23,USD,1.0
2024-06-23,CAD,1.32
2024-06-23,AUD,1.55
2024-06-23,EUR,0.92
2024-06-23,GBP,0.79
2024-06-24,USD,1.0
2024-06-24,CAD,1.32
2024-06-24,AUD,1.55
2024-06-24,EUR,0.92
2024-06-24,GBP,0.79
2024-06-25,USD,1.0
2024-06-25,CAD,1.32
2024-06-25,AUD,1.55
2024-06-25,EUR,0.92
2024-06-25,GBP,0.79
2024-06-26,USD,1.0
2024-06-26,CAD,1.32
2024-06-26,AUD,1.55
2024-06-26,EUR,0.92
2024-06-26,GBP,0.79
2024-06-27,USD,1.0
2024-06-27,CAD,1.32
2024-06-27,AUD,1.55
2024-06-27,EUR,0.92
2024-06-27,GBP,0.79
2024-06-28,USD,1.0
2024-06-28,CAD,1.32
2024-06-28,AUD,1.55
2024-06-28,EUR,0.92
2024-06-28,GBP,0.79
2024-06-29,USD,1.0
2024-06-29,CAD,1.32
2024-06-29,AUD,1.55
2024-06-29,EUR,0.92
2024-06-29,GBP,0.79
2024-06-30,USD,1.0
2024-06-30,CAD,1.32
2024-06-30,AUD,1.55
2024-06-30,EUR,0.92
2024-06-30,GBP,0.79
2024-07-01,USD,1.0
2024-07-01,CAD,1.32
2024-07-01,AUD,1.55
2024-07-01,EUR,0.92
2024-07-01,GBP,0.79
2024-07-02,USD,1.0
2024-07-02,CAD,1.32
2024-07-02,AUD,1.55
2024-07-02,EUR,0.92
2024-07-02,GBP,0.79
2024-07-03,USD,1.0
2024-07-03,CAD,1.32
2024-07-03,AUD,1.55
2024-07-03,EUR,0.92
2024-07-03,GBP,0.79
2024-07-04,USD,1.0
2024-07-04,CAD,1.32
2024-07-04,AUD,1.55
2024-07-04,EUR,0.92
2024-07-04,GBP,0.79
2024-07-05,USD,1.0
2024-07-05,CAD,1.32
2024-07-05,AUD,1.55
2024-07-05,EUR,0.92
2024-07-05,GBP,0.79
2024-07-06,USD,1.0
2024-07-06,CAD,1.32
2024-07-06,AUD,1.55
2024-07-06,EUR,0.92
2024-07-06,GBP,0.79
2024-07-07,USD,1.0
2024-07-07,CAD,1.32
2024-07-07,AUD,1.55
2024-07-07,EUR,0.92
2024-07-07,GBP,0.79
2024-07-08,USD,1.0
2024-07-08,CAD,1.32
2024-07-08,AUD,1.55
2024-07-08,EUR,0.92
2024-07-08,GBP,0.79
2024-07-09,USD,1.0
2024-07-09,CAD,1.32
2024-07-09,AUD,1.55
2024-07-09,EUR,0.92
2024-07-09,GBP,0.79
2024-07-10,USD,1.0
2024-07-10,CAD,1.32
2024-07-10,AUD,1.55
2024-07-10,EUR,0.92
2024-07-10,GBP,0.79
2024-07-11,USD,1.0
2024-07-11,CAD,1.32
2024-07-11,AUD,1.55
2024-07-11,EUR,0.92
2024-07-11,GBP,0.79
2024-07-12,USD,1.0
2024-07-12,CAD,1.32
2024-07-12,AUD,1.55
2024-07-12,EUR,0.92
2024-07-12,GBP,0.79
2024-07-13,USD,1.0
2024-07-13,CAD,1.32
2024-07-13,AUD,1.55
2024-07-13,EUR,0.92
2024-07-13,GBP,0.79
2024-07-14,USD,1.0
2024-07-14,CAD,1.32
2024-07-14,AUD,1.55
2024-07-14,EUR,0.92
2024-07-14,GBP,0.79
2024-07-15,USD,1.0
2024-07-15,CAD,1.32
2024-07-15,AUD,1.55
2024-07-15,EUR,0.92
2024-07-15,GBP,0.79
2024-07-16,USD,1.0
2024-07-16,CAD,1.32
2024-07-16,AUD,1.55
2024-07-16,EUR,0.92
2024-07-16,GBP,0.79
2024-07-17,USD,1.0
2024-07-17,CAD,1.32
2024-07-17,AUD,1.55
2024-07-17,EUR,0.92
2024-07-17,GBP,0.79
2024-07-18,USD,1.0
2024-07-18,CAD,1.32
2024-07-18,AUD,1.55
2024-07-18,EUR,0.92
2024-07-18,GBP,0.79
2024-07-19,USD,1.0
2024-07-19,CAD,1.32
2024-07-19,AUD,1.55
2024-07-19,EUR,0.92
2024-07-19,GBP,0.79
2024-07-20,USD,1.0
2024-07-20,CAD,1.32
2024-07-20,AUD,1.55
2024-07-20,EUR,0.92
2024-07-20,GBP,0.79
2024-07-21,USD,1.0
2024-07-21,CAD,1.32
2024-07-21,AUD,1.55
2024-07-21,EUR,0.92
2024-07-21,GBP,0.79
2024-07-22,USD,1.0
2024-07-22,CAD,1.32
2024-07-22,AUD,1.55
2024-07-22,EUR,0.92
2024-07-22,GBP,0.79
2024-07-23,USD,1.0
2024-07-23,CAD,1.32
2024-07-23,AUD,1.55
2024-07-23,EUR,0.92
2024-07-23,GBP,0.79
2024-07-24,USD,1.0
2024-07-24,CAD,1.32
2024-07-24,AUD,1.55
2024-07-24,EUR,0.92
2024-07-24,GBP,0.79
2024-07-25,USD,1.0
2024-07-25,CAD,1.32
2024-07-25,AUD,1.55
2024-07-25,EUR,0.92
2024-07-25,GBP,0.79
2024-07-26,USD,1.0
2024-07-26,CAD,1.32
2024-07-26,AUD,1.55
2024-07-26,EUR,0.92
2024-07-26,GBP,0.79
2024-07-27,USD,1.0
2024-07-27,CAD,1.32
2024-07-27,AUD,1.55
2024-07-27,EUR,0.92
2024-07-27,GBP,0.79
2024-07-28,USD,1.0
2024-07-28,CAD,1.32
2024-07-28,AUD,1.55
2024-07-28,EUR,0.92
2024-07-28,GBP,0.79
2024-07-29,USD,1.0
2024-07-29,CAD,1.32
2024-07-29,AUD,1.55
2024-07-29,EUR,0.92
2024-07-29,GBP,0.79
2024-07-30,USD,1.0
2024-07-30,CAD,1.32
2024-07-30,AUD,1.55
2024-07-30,EUR,0.92
2024-07-30,GBP,0.79
2024-07-31,USD,1.0
2024-07-31,CAD,1.32
2024-07-31,AUD,1.55
2024-07-31,EUR,0.92
2024-07-31,GBP,0.79
2024-08-01,USD,1.0
2024-08-01,CAD,1.32
2024-08-01,AUD,1.55
2024-08-01,EUR,0.92
2024-08-01,GBP,0.79
2024-08-02,USD,1.0
2024-08-02,CAD,1.32
2024-08-02,AUD,1.55
2024-08-02,EUR,0.92
2024-08-02,GBP,0.79
2024-08-03,USD,1.0
2024-08-03,CAD,1.32
2024-08-03,AUD,1.55
2024-08-03,EUR,0.92
2024-08-03,GBP,0.79
2024-08-04,USD,1.0
2024-08-04,CAD,1.32
2024-08-04,AUD,1.55
2024-08-04,EUR,0.92
2024-08-04,GBP,0.79
2024-08-05,USD,1.0
2024-08-05,CAD,1.32
2024-08-05,AUD,1.55
2024-08-05,EUR,0.92
2024-08-05,GBP,0.79
2024-08-06,USD,1.0
2024-08-06,CAD,1.32
2024-08-06,AUD,1.55
2024-08-06,EUR,0.92
2024-08-06,GBP,0.79
2024-08-07,USD,1.0
2024-08-07,CAD,1.32
2024-08-07,AUD,1.55
2024-08-07,EUR,0.92
2024-08-07,GBP,0.79
2024-08-08,USD,1.0
2024-08-08,CAD,1.32
2024-08-08,AUD,1.55
2024-08-08,EUR,0.92
2024-08-08,GBP,0.79
2024-08-09,USD,1.0
2024-08-09,CAD,1.32
2024-08-09,AUD,1.55
2024-08-09,EUR,0.92
2024-08-09,GBP,0.79
2024-08-10,USD,1.0
2024-08-10,CAD,1.32
2024-08-10,AUD,1.55
2024-08-10,EUR,0.92
2024-08-10,GBP,0.79
2024-08-11,USD,1.0
2024-08-11,CAD,1.32
2024-08-11,AUD,1.55
2024-08-11,EUR,0.92
2024-08-11,GBP,0.79
2024-08-12,USD,1.0
2024-08-12,CAD,1.32
2024-08-12,AUD,1.55
2024-08-12,EUR,0.92
2024-08-12,GBP,0.79
2024-08-13,USD,1.0
2024-08-13,CAD,1.32
2024-08-13,AUD,1.55
2024-08-13,EUR,0.92
2024-08-13,GBP,0.79
2024-08-14,USD,1.0
2024-08-14,CAD,1.32
2024-08-14,AUD,1.55
2024-08-14,EUR,0.92
2024-08-14,GBP,0.79
2024-08-15,USD,1.0
2024-08-15,CAD,1.32
2024-08-15,AUD,1.55
2024-08-15,EUR,0.92
2024-08-15,GBP,0.79
2024-08-16,USD,1.0
2024-08-16,CAD,1.32
2024-08-16,AUD,1.55
2024-08-16,EUR,0.92
2024-08-16,GBP,0.79
2024-08-17,USD,1.0
2024-08-17,CAD,1.32
2024-08-17,AUD,1.55
2024-08-17,EUR,0.92
2024-08-17,GBP,0.79
2024-08-18,USD,1.0
2024-08-18,CAD,1.32
2024-08-18,AUD,1.55
2024-08-18,EUR,0.92
2024-08-18,GBP,0.79
2024-08-19,USD,1.0
2024-08-19,CAD,1.32
2024-08-19,AUD,1.55
2024-08-19,EUR,0.92
2024-08-19,GBP,0.79
2024-08-20,USD,1.0
2024-08-20,CAD,1.32
2024-08-20,AUD,1.55
2024-08-20,EUR,0.92
2024-08-20,GBP,0.79
2024-08-21,USD,1.0
2024-08-21,CAD,1.32
2024-08-21,AUD,1.55
2024-08-21,EUR,0.92
2024-08-21,GBP,0.79
2024-08-22,USD,1.0
2024-08-22,CAD,1.32
2024-08-22,AUD,1.55
2024-08-22,EUR,0.92
2024-08-22,GBP,0.79
2024-08-23,USD,1.0
2024-08-23,CAD,1.32
2024-08-23,AUD,1.55
2024-08-23,EUR,0.92
2024-08-23,GBP,0.79
2024-08-24,USD,1.0
2024-08-24,CAD,1.32
2024-08-24,AUD,1.55
2024-08-24,EUR,0.92
2024-08-24,GBP,0.79
2024-08-25,USD,1.0
2024-08-25,CAD,1.32
2024-08-25,AUD,1.55
2024-08-25,EUR,0.92
2024-08-25,GBP,0.79
2024-08-26,USD,1.0
2024-08-26,CAD,1.32
2024-08-26,AUD,1.55
2024-08-26,EUR,0.92
2024-08-26,GBP,0.79
2024-08-27,USD,1.0
2024-08-27,CAD,1.32
2024-08-27,AUD,1.55
2024-08-27,EUR,0.92
2024-08-27,GBP,0.79
2024-08-28,USD,1.0
2024-08-28,CAD,1.32
2024-08-28,AUD,1.55
2024-08-28,EUR,0.92
2024-08-28,GBP,0.79
2024-08-29,USD,1.0
2024-08-29,CAD,1.32
2024-08-29,AUD,1.55
2024-08-29,EUR,0.92
2024-08-29,GBP,0.79
2024-08-30,USD,1.0
2024-08-30,CAD,1.32
2024-08-30,AUD,1.55
2024-08-30,EUR,0.92
2024-08-30,GBP,0.79
2024-08-31,USD,1.0
2024-08-31,CAD,1.32
2024-08-31,AUD,1.55
2024-08-31,EUR,0.92
2024-08-31,GBP,0.79
2024-09-01,USD,1.0
2024-09-01,CAD,1.32
2024-09-01,AUD,1.55
2024-09-01,EUR,0.92
2024-09-01,GBP,0.79
2024-09-02,USD,1.0
2024-09-02,CAD,1.32
2024-09-02,AUD,1.55
2024-09-02,EUR,0.92
2024-09-02,GBP,0.79
2024-09-03,USD,1.0
2024-09-03,CAD,1.32
2024-09-03,AUD,1.55
2024-09-03,EUR,0.92
2024-09-03,GBP,0.79
2024-09-04,USD,1.0
2024-09-04,CAD,1.32
2024-09-04,AUD,1.55
2024-09-04,EUR,0.92
2024-09-04,GBP,0.79
2024-09-05,USD,1.0
2024-09-05,CAD,1.32
2024-09-05,AUD,1.55
2024-09-05,EUR,0.92
2024-09-05,GBP,0.79
2024-09-06,USD,1.0
2024-09-06,CAD,1.32
2024-09-06,AUD,1.55
2024-09-06,EUR,0.92
2024-09-06,GBP,0.79
2024-09-07,USD,1.0
2024-09-07,CAD,1.32
2024-09-07,AUD,1.55
2024-09-07,EUR,0.92
2024-09-07,GBP,0.79
2024-09-08,USD,1.0
2024-09-08,CAD,1.32
2024-09-08,AUD,1.55
2024-09-08,EUR,0.92
2024-09-08,GBP,0.79
2024-09-09,USD,1.0
2024-09-09,CAD,1.32
2024-09-09,AUD,1.55
2024-09-09,EUR,0.92
2024-09-09,GBP,0.79
2024-09-10,USD,1.0
2024-09-10,CAD,1.32
2024-09-10,AUD,1.55
2024-09-10,EUR,0.92
2024-09-10,GBP,0.79
2024-09-11,USD,1.0
2024-09-11,CAD,1.32
2024-09-11,AUD,1.55
2024-09-11,EUR,0.92
2024-09-11,GBP,0.79
2024-09-12,USD,1.0
2024-09-12,CAD,1.32
2024-09-12,AUD,1.55
2024-09-12,EUR,0.92
2024-09-12,GBP,0.79
2024-09-13,USD,1.0
2024-09-13,CAD,1.32
2024-09-13,AUD,1.55
2024-09-13,EUR,0.92
2024-09-13,GBP,0.79
2024-09-14,USD,1.0
2024-09-14,CAD,1.32
2024-09-14,AUD,1.55
2024-09-14,EUR,0.92
2024-09-14,GBP,0.79
2024-09-15,USD,1.0
2024-09-15,CAD,1.32
2024-09-15,AUD,1.55
2024-09-15,EUR,0.92
2024-09-15,GBP,0.79
2024-09-16,USD,1.0
2024-09-16,CAD,1.32
2024-09-16,AUD,1.55
2024-09-16,EUR,0.92
2024-09-16,GBP,0.79
2024-09-17,USD,1.0
2024-09-17,CAD,1.32
2024-09-17,AUD,1.55
2024-09-17,EUR,0.92
2024-09-17,GBP,0.79
2024-09-18,USD,1.0
2024-09-18,CAD,1.32
2024-09-18,AUD,1.55
2024-09-18,EUR,0.92
2024-09-18,GBP,0.79
2024-09-19,USD,1.0
2024-09-19,CAD,1.32
2024-09-19,AUD,1.55
2024-09-19,EUR,0.92
2024-09-19,GBP,0.79
2024-09-20,USD,1.0
2024-09-20,CAD,1.32
2024-09-20,AUD,1.55
2024-09-20,EUR,0.92
2024-09-20,GBP,0.79
2024-09-21,USD,1.0
2024-09-21,CAD,1.32
2024-09-21,AUD,1.55
2024-09-21,EUR,0.92
2024-09-21,GBP,0.79
2024-09-22,USD,1.0
2024-09-22,CAD,1.32
2024-09-22,AUD,1.55
2024-09-22,EUR,0.92
2024-09-22,GBP,0.79
2024-09-23,USD,1.0
2024-09-23,CAD,1.32
2024-09-23,AUD,1.55
2024-09-23,EUR,0.92
2024-09-23,GBP,0.79
2024-09-24,USD,1.0
2024-09-24,CAD,1.32
2024-09-24,AUD,1.55
2024-09-24,EUR,0.92
2024-09-24,GBP,0.79
2024-09-25,USD,1.0
2024-09-25,CAD,1.32
2024-09-25,AUD,1.55
2024-09-25,EUR,0.92
2024-09-25,GBP,0.79
2024-09-26,USD,1.0
2024-09-26,CAD,1.32
2024-09-26,AUD,1.55
2024-09-26,EUR,0.92
2024-09-26,GBP,0.79
2024-09-27,USD,1.0
2024-09-27,CAD,1.32
2024-09-27,AUD,1.55
2024-09-27,EUR,0.92
2024-09-27,GBP,0.79
2024-09-28,USD,1.0
2024-09-28,CAD,1.32
2024-09-28,AUD,1.55
2024-09-28,EUR,0.92
2024-09-28,GBP,0.79
2024-09-29,USD,1.0
2024-09-29,CAD,1.32
2024-09-29,AUD,1.55
2024-09-29,EUR,0.92
2024-09-29,GBP,0.79
2024-09-30,USD,1.0
2024-09-30,CAD,1.32
2024-09-30,AUD,1.55
2024-09-30,EUR,0.92
2024-09-30,GBP,0.79
2024-10-01,USD,1.0
2024-10-01,CAD,1.32
2024-10-01,AUD,1.55
2024-10-01,EUR,0.92
2024-10-01,GBP,0.79
2024-10-02,USD,1.0
2024-10-02,CAD,1.32
2024-10-02,AUD,1.55
2024-10-02,EUR,0.92
2024-10-02,GBP,0.79
2024-10-03,USD,1.0
2024-10-03,CAD,1.32
2024-10-03,AUD,1.55
2024-10-03,EUR,0.92
2024-10-03,GBP,0.79
2024-10-04,USD,1.0
2024-10-04,CAD,1.32
2024-10-04,AUD,1.55
2024-10-04,EUR,0.92
2024-10-04,GBP,0.79
2024-10-05,USD,1.0
2024-10-05,CAD,1.32
2024-10-05,AUD,1.55
2024-10-05,EUR,0.92
2024-10-05,GBP,0.79
2024-10-06,USD,1.0
2024-10-06,CAD,1.32
2024-10-06,AUD,1.55
2024-10-06,EUR,0.92
2024-10-06,GBP,0.79
2024-10-07,USD,1.0
2024-10-07,CAD,1.32
2024-10-07,AUD,1.55
2024-10-07,EUR,0.92
2024-10-07,GBP,0.79
2024-10-08,USD,1.0
2024-10-08,CAD,1.32
2024-10-08,AUD,1.55
2024-10-08,EUR,0.92
2024-10-08,GBP,0.79
2024-10-09,USD,1.0
2024-10-09,CAD,1.32
2024-10-09,AUD,1.55
2024-10-09,EUR,0.92
2024-10-09,GBP,0.79
2024-10-10,USD,1.0
2024-10-10,CAD,1.32
2024-10-10,AUD,1.55
2024-10-10,EUR,0.92
2024-10-10,GBP,0.79
2024-10-11,USD,1.0
2024-10-11,CAD,1.32
2024-10-11,AUD,1.55
2024-10-11,EUR,0.92
2024-10-11,GBP,0.79
2024-10-12,USD,1.0
2024-10-12,CAD,1.32
2024-10-12,AUD,1.55
2024-10-12,EUR,0.92
2024-10-12,GBP,0.79
2024-10-13,USD,1.0
2024-10-13,CAD,1.32
2024-10-13,AUD,1.55
2024-10-13,EUR,0.92
2024-10-13,GBP,0.79
2024-10-14,USD,1.0
2024-10-14,CAD,1.32
2024-10-14,AUD,1.55
2024-10-14,EUR,0.92
2024-10-14,GBP,0.79
2024-10-15,USD,1.0
2024-10-15,CAD,1.32
2024-10-15,AUD,1.55
2024-10-15,EUR,0.92
2024-10-15,GBP,0.79
2024-10-16,USD,1.0
2024-10-16,CAD,1.32
2024-10-16,AUD,1.55
2024-10-16,EUR,0.92
2024-10-16,GBP,0.79
2024-10-17,USD,1.0
2024-10-17,CAD,1.32
2024-10-17,AUD,1.55
2024-10-17,EUR,0.92
2024-10-17,GBP,0.79
2024-10-18,USD,1.0
2024-10-18,CAD,1.32
2024-10-18,AUD,1.55
2024-10-18,EUR,0.92
2024-10-18,GBP,0.79
2024-10-19,USD,1.0
2024-10-19,CAD,1.32
2024-10-19,AUD,1.55
2024-10-19,EUR,0.92
2024-10-19,GBP,0.79
2024-10-20,USD,1.0
2024-10-20,CAD,1.32
2024-10-20,AUD,1.55
2024-10-20,EUR,0.92
2024-10-20,GBP,0.79
2024-10-21,USD,1.0
2024-10-21,CAD,1.32
2024-10-21,AUD,1.55
2024-10-21,EUR,0.92
2024-10-21,GBP,0.79
2024-10-22,USD,1.0
2024-10-22,CAD,1.32
2024-10-22,AUD,1.55
2024-10-22,EUR,0.92
2024-10-22,GBP,0.79
2024-10-23,USD,1.0
2024-10-23,CAD,1.32
2024-10-23,AUD,1.55
2024-10-23,EUR,0.92
2024-10-23,GBP,0.79
2024-10-24,USD,1.0
2024-10-24,CAD,1.32
2024-10-24,AUD,1.55
2024-10-24,EUR,0.92
2024-10-24,GBP,0.79
2024-10-25,USD,1.0
2024-10-25,CAD,1.32
2024-10-25,AUD,1.55
2024-10-25,EUR,0.92
2024-10-25,GBP,0.79
2024-10-26,USD,1.0
2024-10-26,CAD,1.32
2024-10-26,AUD,1.55
2024-10-26,EUR,0.92
2024-10-26,GBP,0.79
2024-10-27,USD,1.0
2024-10-27,CAD,1.32
2024-10-27,AUD,1.55
2024-10-27,EUR,0.92
2024-10-27,GBP,0.79
2024-10-28,USD,1.0
2024-10-28,CAD,1.32
2024-10-28,AUD,1.55
2024-10-28,EUR,0.92
2024-10-28,GBP,0.79
2024-10-29,USD,1.0
2024-10-29,CAD,1.32
2024-10-29,AUD,1.55
2024-10-29,EUR,0.92
2024-10-29,GBP,0.79
2024-10-30,USD,1.0
2024-10-30,CAD,1.32
2024-10-30,AUD,1.55
2024-10-30,EUR,0.92
2024-10-30,GBP,0.79
2024-10-31,USD,1.0
2024-10-31,CAD,1.32
2024-10-31,AUD,1.55
2024-10-31,EUR,0.92
2024-10-31,GBP,0.79
2024-11-01,USD,1.0
2024-11-01,CAD,1.32
2024-11-01,AUD,1.55
2024-11-01,EUR,0.92
2024-11-01,GBP,0.79
2024-11-02,USD,1.0
2024-11-02,CAD,1.32
2024-11-02,AUD,1.55
2024-11-02,EUR,0.92
2024-11-02,GBP,0.79
2024-11-03,USD,1.0
2024-11-03,CAD,1.32
2024-11-03,AUD,1.55
2024-11-03,EUR,0.92
2024-11-03,GBP,0.79
2024-11-04,USD,1.0
2024-11-04,CAD,1.32
2024-11-04,AUD,1.55
2024-11-04,EUR,0.92
2024-11-04,GBP,0.79
2024-11-05,USD,1.0
2024-11-05,CAD,1.32
2024-11-05,AUD,1.55
2024-11-05,EUR,0.92
2024-11-05,GBP,0.79
2024-11-06,USD,1.0
2024-11-06,CAD,1.32
2024-11-06,AUD,1.55
2024-11-06,EUR,0.92
2024-11-06,GBP,0.79
2024-11-07,USD,1.0
2024-11-07,CAD,1.32
2024-11-07,AUD,1.55
2024-11-07,EUR,0.92
2024-11-07,GBP,0.79
2024-11-08,USD,1.0
2024-11-08,CAD,1.32
2024-11-08,AUD,1.55
2024-11-08,EUR,0.92
2024-11-08,GBP,0.79
2024-11-09,USD,1.0
2024-11-09,CAD,1.32
2024-11-09,AUD,1.55
2024-11-09,EUR,0.92
2024-11-09,GBP,0.79
2024-11-10,USD,1.0
2024-11-10,CAD,1.32
2024-11-10,AUD,1.55
2024-11-10,EUR,0.92
2024-11-10,GBP,0.79
2024-11-11,USD,1.0
2024-11-11,CAD,1.32
2024-11-11,AUD,1.55
2024-11-11,EUR,0.92
2024-11-11,GBP,0.79
2024-11-12,USD,1.0
2024-11-12,CAD,1.32
2024-11-12,AUD,1.55
2024-11-12,EUR,0.92
2024-11-12,GBP,0.79
2024-11-13,USD,1.0
2024-11-13,CAD,1.32
2024-11-13,AUD,1.55
2024-11-13,EUR,0.92
2024-11-13,GBP,0.79
2024-11-14,USD,1.0
2024-11-14,CAD,1.32
2024-11-14,AUD,1.55
2024-11-14,EUR,0.92
2024-11-14,GBP,0.79
2024-11-15,USD,1.0
2024-11-15,CAD,1.32
2024-11-15,AUD,1.55
2024-11-15,EUR,0.92
2024-11-15,GBP,0.79
2024-11-16,USD,1.0
2024-11-16,CAD,1.32
2024-11-16,AUD,1.55
2024-11-16,EUR,0.92
2024-11-16,GBP,0.79
2024-11-17,USD,1.0
2024-11-17,CAD,1.32
2024-11-17,AUD,1.55
2024-11-17,EUR,0.92
2024-11-17,GBP,0.79
2024-11-18,USD,1.0
2024-11-18,CAD,1.32
2024-11-18,AUD,1.55
2024-11-18,EUR,0.92
2024-11-18,GBP,0.79
2024-11-19,USD,1.0
2024-11-19,CAD,1.32
2024-11-19,AUD,1.55
2024-11-19,EUR,0.92
2024-11-19,GBP,0.79
2024-11-20,USD,1.0
2024-11-20,CAD,1.32
2024-11-20,AUD,1.55
2024-11-20,EUR,0.92
2024-11-20,GBP,0.79
2024-11-21,USD,1.0
2024-11-21,CAD,1.32
2024-11-21,AUD,1.55
2024-11-21,EUR,0.92
2024-11-21,GBP,0.79
2024-11-22,USD,1.0
2024-11-22,CAD,1.32
2024-11-22,AUD,1.55
2024-11-22,EUR,0.92
2024-11-22,GBP,0.79
2024-11-23,USD,1.0
2024-11-23,CAD,1.32
2024-11-23,AUD,1.55
2024-11-23,EUR,0.92
2024-11-23,GBP,0.79
2024-11-24,USD,1.0
2024-11-24,CAD,1.32
2024-11-24,AUD,1.55
2024-11-24,EUR,0.92
2024-11-24,GBP,0.79
2024-11-25,USD,1.0
2024-11-25,CAD,1.32
2024-11-25,AUD,1.55
2024-11-25,EUR,0.92
2024-11-25,GBP,0.79
2024-11-26,USD,1.0
2024-11-26,CAD,1.32
2024-11-26,AUD,1.55
2024-11-26,EUR,0.92
2024-11-26,GBP,0.79
2024-11-27,USD,1.0
2024-11-27,CAD,1.32
2024-11-27,AUD,1.55
2024-11-27,EUR,0.92
2024-11-27,GBP,0.79
2024-11-28,USD,1.0
2024-11-28,CAD,1.32
2024-11-28,AUD,1.55
2024-11-28,EUR,0.92
2024-11-28,GBP,0.79
2024-11-29,USD,1.0
2024-11-29,CAD,1.32
2024-11-29,AUD,1.55
2024-11-29,EUR,0.92
2024-11-29,GBP,0.79
2024-11-30,USD,1.0
2024-11-30,CAD,1.32
2024-11-30,AUD,1.55
2024-11-30,EUR,0.92
2024-11-30,GBP,0.79
2024-12-01,USD,1.0
2024-12-01,CAD,1.32
2024-12-01,AUD,1.55
2024-12-01,EUR,0.92
2024-12-01,GBP,0.79
2024-12-02,USD,1.0
2024-12-02,CAD,1.32
2024-12-02,AUD,1.55
2024-12-02,EUR,0.92
2024-12-02,GBP,0.79
2024-12-03,USD,1.0
2024-12-03,CAD,1.32
2024-12-03,AUD,1.55
2024-12-03,EUR,0.92
2024-12-03,GBP,0.79
2024-12-04,USD,1.0
2024-12-04,CAD,1.32
2024-12-04,AUD,1.55
2024-12-04,EUR,0.92
2024-12-04,GBP,0.79
2024-12-05,USD,1.0
2024-12-05,CAD,1.32
2024-12-05,AUD,1.55
2024-12-05,EUR,0.92
2024-12-05,GBP,0.79
2024-12-06,USD,1.0
2024-12-06,CAD,1.32
2024-12-06,AUD,1.55
2024-12-06,EUR,0.92
2024-12-06,GBP,0.79
2024-12-07,USD,1.0
2024-12-07,CAD,1.32
2024-12-07,AUD,1.55
2024-12-07,EUR,0.92
2024-12-07,GBP,0.79
2024-12-08,USD,1.0
2024-12-08,CAD,1.32
2024-12-08,AUD,1.55
2024-12-08,EUR,0.92
2024-12-08,GBP,0.79
2024-12-09,USD,1.0
2024-12-09,CAD,1.32
2024-12-09,AUD,1.55
2024-12-09,EUR,0.92
2024-12-09,GBP,0.79
2024-12-10,USD,1.0
2024-12-10,CAD,1.32
2024-12-10,AUD,1.55
2024-12-10,EUR,0.92
2024-12-10,GBP,0.79
2024-12-11,USD,1.0
2024-12-11,CAD,1.32
2024-12-11,AUD,1.55
2024-12-11,EUR,0.92
2024-12-11,GBP,0.79
2024-12-12,USD,1.0
2024-12-12,CAD,1.32
2024-12-12,AUD,1.55
2024-12-12,EUR,0.92
2024-12-12,GBP,0.79
2024-12-13,USD,1.0
2024-12-13,CAD,1.32
2024-12-13,AUD,1.55
2024-12-13,EUR,0.92
2024-12-13,GBP,0.79
2024-12-14,USD,1.0
2024-12-14,CAD,1.32
2024-12-14,AUD,1.55
2024-12-14,EUR,0.92
2024-12-14,GBP,0.79
2024-12-15,USD,1.0
2024-12-15,CAD,1.32
2024-12-15,AUD,1.55
2024-12-15,EUR,0.92
2024-12-15,GBP,0.79
2024-12-16,USD,1.0
2024-12-16,CAD,1.32
2024-12-16,AUD,1.55
2024-12-16,EUR,0.92
2024-12-16,GBP,0.79
2024-12-17,USD,1.0
2024-12-17,CAD,1.32
2024-12-17,AUD,1.55
2024-12-17,EUR,0.92
2024-12-17,GBP,0.79
2024-12-18,USD,1.0
2024-12-18,CAD,1.32
2024-12-18,AUD,1.55
2024-12-18,EUR,0.92
2024-12-18,GBP,0.79
2024-12-19,USD,1.0
2024-12-19,CAD,1.32
2024-12-19,AUD,1.55
2024-12-19,EUR,0.92
2024-12-19,GBP,0.79
2024-12-20,USD,1.0
2024-12-20,CAD,1.32
2024-12-20,AUD,1.55
2024-12-20,EUR,0.92
2024-12-20,GBP,0.79
2024-12-21,USD,1.0
2024-12-21,CAD,1.32
2024-12-21,AUD,1.55
2024-12-21,EUR,0.92
2024-12-21,GBP,0.79
2024-12-22,USD,1.0
2024-12-22,CAD,1.32
2024-12-22,AUD,1.55
2024-12-22,EUR,0.92
2024-12-22,GBP,0.79
2024-12-23,USD,1.0
2024-12-23,CAD,1.32
2024-12-23,AUD,1.55
2024-12-23,EUR,0.92
2024-12-23,GBP,0.79
2024-12-24,USD,1.0
2024-12-24,CAD,1.32
2024-12-24,AUD,1.55
2024-12-24,EUR,0.92
2024-12-24,GBP,0.79
2024-12-25,USD,1.0
2024-12-25,CAD,1.32
2024-12-25,AUD,1.55
2024-12-25,EUR,0.92
2024-12-25,GBP,0.79
2024-12-26,USD,1.0
2024-12-26,CAD,1.32
2024-12-26,AUD,1.55
2024-12-26,EUR,0.92
2024-12-26,GBP,0.79
2024-12-27,USD,1.0
2024-12-27,CAD,1.32
2024-12-27,AUD,1.55
2024-12-27,EUR,0.92
2024-12-27,GBP,0.79
2024-12-28,USD,1.0
2024-12-28,CAD,1.32
2024-12-28,AUD,1.55
2024-12-28,EUR,0.92
2024-12-28,GBP,0.79
2024-12-29,USD,1.0
2024-12-29,CAD,1.32
2024-12-29,AUD,1.55
2024-12-29,EUR,0.92
2024-12-29,GBP,0.79
2024-12-30,USD,1.0
2024-12-30,CAD,1.32
2024-12-30,AUD,1.55
2024-12-30,EUR,0.92
2024-12-30,GBP,0.79
2024-12-31,USD,1.0
2024-12-31,CAD,1.32
2024-12-31,AUD,1.55
2024-12-31,EUR,0.92
2024-12-31,GBP,0.79
2025-01-01,USD,1.0
2025-01-01,CAD,1.32
2025-01-01,AUD,1.55
2025-01-01,EUR,0.92
2025-01-01,GBP,0.79
2025-01-02,USD,1.0
2025-01-02,CAD,1.32
2025-01-02,AUD,1.55
2025-01-02,EUR,0.92
2025-01-02,GBP,0.79
2025-01-03,USD,1.0
2025-01-03,CAD,1.32
2025-01-03,AUD,1.55
2025-01-03,EUR,0.92
2025-01-03,GBP,0.79
2025-01-04,USD,1.0
2025-01-04,CAD,1.32
2025-01-04,AUD,1.55
2025-01-04,EUR,0.92
2025-01-04,GBP,0.79
2025-01-05,USD,1.0
2025-01-05,CAD,1.32
2025-01-05,AUD,1.55
2025-01-05,EUR,0.92
2025-01-05,GBP,0.79
2025-01-06,USD,1.0
2025-01-06,CAD,1.32
2025-01-06,AUD,1.55
2025-01-06,EUR,0.92
2025-01-06,GBP,0.79
2025-01-07,USD,1.0
2025-01-07,CAD,1.32
2025-01-07,AUD,1.55
2025-01-07,EUR,0.92
2025-01-07,GBP,0.79
2025-01-08,USD,1.0
2025-01-08,CAD,1.32
2025-01-08,AUD,1.55
2025-01-08,EUR,0.92
2025-01-08,GBP,0.79
2025-01-09,USD,1.0
2025-01-09,CAD,1.32
2025-01-09,AUD,1.55
2025-01-09,EUR,0.92
2025-01-09,GBP,0.79
2025-01-10,USD,1.0
2025-01-10,CAD,1.32
2025-01-10,AUD,1.55
2025-01-10,EUR,0.92
2025-01-10,GBP,0.79
2025-01-11,USD,1.0
2025-01-11,CAD,1.32
2025-01-11,AUD,1.55
2025-01-11,EUR,0.92
2025-01-11,GBP,0.79
2025-01-12,USD,1.0
2025-01-12,CAD,1.32
2025-01-12,AUD,1.55
2025-01-12,EUR,0.92
2025-01-12,GBP,0.79
2025-01-13,USD,1.0
2025-01-13,CAD,1.32
2025-01-13,AUD,1.55
2025-01-13,EUR,0.92
2025-01-13,GBP,0.79
2025-01-14,USD,1.0
2025-01-14,CAD,1.32
2025-01-14,AUD,1.55
2025-01-14,EUR,0.92
2025-01-14,GBP,0.79
2025-01-15,USD,1.0
2025-01-15,CAD,1.32
2025-01-15,AUD,1.55
2025-01-15,EUR,0.92
2025-01-15,GBP,0.79
2025-01-16,USD,1.0
2025-01-16,CAD,1.32
2025-01-16,AUD,1.55
2025-01-16,EUR,0.92
2025-01-16,GBP,0.79
2025-01-17,USD,1.0
2025-01-17,CAD,1.32
2025-01-17,AUD,1.55
2025-01-17,EUR,0.92
2025-01-17,GBP,0.79
2025-01-18,USD,1.0
2025-01-18,CAD,1.32
2025-01-18,AUD,1.55
2025-01-18,EUR,0.92
2025-01-18,GBP,0.79
2025-01-19,USD,1.0
2025-01-19,CAD,1.32
2025-01-19,AUD,1.55
2025-01-19,EUR,0.92
2025-01-19,GBP,0.79
2025-01-20,USD,1.0
2025-01-20,CAD,1.32
2025-01-20,AUD,1.55
2025-01-20,EUR,0.92
2025-01-20,GBP,0.79
2025-01-21,USD,1.0
2025-01-21,CAD,1.32
2025-01-21,AUD,1.55
2025-01-21,EUR,0.92
2025-01-21,GBP,0.79
2025-01-22,USD,1.0
2025-01-22,CAD,1.32
2025-01-22,AUD,1.55
2025-01-22,EUR,0.92
2025-01-22,GBP,0.79
2025-01-23,USD,1.0
2025-01-23,CAD,1.32
2025-01-23,AUD,1.55
2025-01-23,EUR,0.92
2025-01-23,GBP,0.79
2025-01-24,USD,1.0
2025-01-24,CAD,1.32
2025-01-24,AUD,1.55
2025-01-24,EUR,0.92
2025-01-24,GBP,0.79
2025-01-25,USD,1.0
2025-01-25,CAD,1.32
2025-01-25,AUD,1.55
2025-01-25,EUR,0.92
2025-01-25,GBP,0.79
2025-01-26,USD,1.0
2025-01-26,CAD,1.32
2025-01-26,AUD,1.55
2025-01-26,EUR,0.92
2025-01-26,GBP,0.79
2025-01-27,USD,1.0
2025-01-27,CAD,1.32
2025-01-27,AUD,1.55
2025-01-27,EUR,0.92
2025-01-27,GBP,0.79
2025-01-28,USD,1.0
2025-01-28,CAD,1.32
2025-01-28,AUD,1.55
2025-01-28,EUR,0.92
2025-01-28,GBP,0.79
2025-01-29,USD,1.0
2025-01-29,CAD,1.32
2025-01-29,AUD,1.55
2025-01-29,EUR,0.92
2025-01-29,GBP,0.79
2025-01-30,USD,1.0
2025-01-30,CAD,1.32
2025-01-30,AUD,1.55
2025-01-30,EUR,0.92
2025-01-30,GBP,0.79
2025-01-31,USD,1.0
2025-01-31,CAD,1.32
2025-01-31,AUD,1.55
2025-01-31,EUR,0.92
2025-01-31,GBP,0.79
2025-02-01,USD,1.0
2025-02-01,CAD,1.32
2025-02-01,AUD,1.55
2025-02-01,EUR,0.92
2025-02-01,GBP,0.79
2025-02-02,USD,1.0
2025-02-02,CAD,1.32
2025-02-02,AUD,1.55
2025-02-02,EUR,0.92
2025-02-02,GBP,0.79
2025-02-03,USD,1.0
2025-02-03,CAD,1.32
2025-02-03,AUD,1.55
2025-02-03,EUR,0.92
2025-02-03,GBP,0.79
2025-02-04,USD,1.0
2025-02-04,CAD,1.32
2025-02-04,AUD,1.55
2025-02-04,EUR,0.92
2025-02-04,GBP,0.79
2025-02-05,USD,1.0
2025-02-05,CAD,1.32
2025-02-05,AUD,1.55
2025-02-05,EUR,0.92
2025-02-05,GBP,0.79
2025-02-06,USD,1.0
2025-02-06,CAD,1.32
2025-02-06,AUD,1.55
2025-02-06,EUR,0.92
2025-02-06,GBP,0.79
2025-02-07,USD,1.0
2025-02-07,CAD,1.32
2025-02-07,AUD,1.55
2025-02-07,EUR,0.92
2025-02-07,GBP,0.79
2025-02-08,USD,1.0
2025-02-08,CAD,1.32
2025-02-08,AUD,1.55
2025-02-08,EUR,0.92
2025-02-08,GBP,0.79
2025-02-09,USD,1.0
2025-02-09,CAD,1.32
2025-02-09,AUD,1.55
2025-02-09,EUR,0.92
2025-02-09,GBP,0.79
2025-02-10,USD,1.0
2025-02-10,CAD,1.32
2025-02-10,AUD,1.55
2025-02-10,EUR,0.92
2025-02-10,GBP,0.79
2025-02-11,USD,1.0
2025-02-11,CAD,1.32
2025-02-11,AUD,1.55
2025-02-11,EUR,0.92
2025-02-11,GBP,0.79
2025-02-12,USD,1.0
2025-02-12,CAD,1.32
2025-02-12,AUD,1.55
2025-02-12,EUR,0.92
2025-02-12,GBP,0.79
2025-02-13,USD,1.0
2025-02-13,CAD,1.32
2025-02-13,AUD,1.55
2025-02-13,EUR,0.92
2025-02-13,GBP,0.79
2025-02-14,USD,1.0
2025-02-14,CAD,1.32
2025-02-14,AUD,1.55
2025-02-14,EUR,0.92
2025-02-14,GBP,0.79
2025-02-15,USD,1.0
2025-02-15,CAD,1.32
2025-02-15,AUD,1.55
2025-02-15,EUR,0.92
2025-02-15,GBP,0.79
2025-02-16,USD,1.0
2025-02-16,CAD,1.32
2025-02-16,AUD,1.55
2025-02-16,EUR,0.92
2025-02-16,GBP,0.79
2025-02-17,USD,1.0
2025-02-17,CAD,1.32
2025-02-17,AUD,1.55
2025-02-17,EUR,0.92
2025-02-17,GBP,0.79
2025-02-18,USD,1.0
2025-02-18,CAD,1.32
2025-02-18,AUD,1.55
2025-02-18,EUR,0.92
2025-02-18,GBP,0.79
2025-02-19,USD,1.0
2025-02-19,CAD,1.32
2025-02-19,AUD,1.55
2025-02-19,EUR,0.92
2025-02-19,GBP,0.79
2025-02-20,USD,1.0
2025-02-20,CAD,1.32
2025-02-20,AUD,1.55
2025-02-20,EUR,0.92
2025-02-20,GBP,0.79
2025-02-21,USD,1.0
2025-02-21,CAD,1.32
2025-02-21,AUD,1.55
2025-02-21,EUR,0.92
2025-02-21,GBP,0.79
2025-02-22,USD,1.0
2025-02-22,CAD,1.32
2025-02-22,AUD,1.55
2025-02-22,EUR,0.92
2025-02-22,GBP,0.79
2025-02-23,USD,1.0
2025-02-23,CAD,1.32
2025-02-23,AUD,1.55
2025-02-23,EUR,0.92
2025-02-23,GBP,0.79
2025-02-24,USD,1.0
2025-02-24,CAD,1.32
2025-02-24,AUD,1.55
2025-02-24,EUR,0.92
2025-02-24,GBP,0.79
2025-02-25,USD,1.0
2025-02-25,CAD,1.32
2025-02-25,AUD,1.55
2025-02-25,EUR,0.92
2025-02-25,GBP,0.79
2025-02-26,USD,1.0
2025-02-26,CAD,1.32
2025-02-26,AUD,1.55
2025-02-26,EUR,0.92
2025-02-26,GBP,0.79
2025-02-27,USD,1.0
2025-02-27,CAD,1.32
2025-02-27,AUD,1.55
2025-02-27,EUR,0.92
2025-02-27,GBP,0.79
2025-02-28,USD,1.0
2025-02-28,CAD,1.32
2025-02-28,AUD,1.55
2025-02-28,EUR,0.92
2025-02-28,GBP,0.79
2025-03-01,USD,1.0
2025-03-01,CAD,1.32
2025-03-01,AUD,1.55
2025-03-01,EUR,0.92
2025-03-01,GBP,0.79
2025-03-02,USD,1.0
2025-03-02,CAD,1.32
2025-03-02,AUD,1.55
2025-03-02,EUR,0.92
2025-03-02,GBP,0.79
2025-03-03,USD,1.0
2025-03-03,CAD,1.32
2025-03-03,AUD,1.55
2025-03-03,EUR,0.92
2025-03-03,GBP,0.79
2025-03-04,USD,1.0
2025-03-04,CAD,1.32
2025-03-04,AUD,1.55
2025-03-04,EUR,0.92
2025-03-04,GBP,0.79
2025-03-05,USD,1.0
2025-03-05,CAD,1.32
2025-03-05,AUD,1.55
2025-03-05,EUR,0.92
2025-03-05,GBP,0.79
2025-03-06,USD,1.0
2025-03-06,CAD,1.32
2025-03-06,AUD,1.55
2025-03-06,EUR,0.92
2025-03-06,GBP,0.79
2025-03-07,USD,1.0
2025-03-07,CAD,1.32
2025-03-07,AUD,1.55
2025-03-07,EUR,0.92
2025-03-07,GBP,0.79
2025-03-08,USD,1.0
2025-03-08,CAD,1.32
2025-03-08,AUD,1.55
2025-03-08,EUR,0.92
2025-03-08,GBP,0.79
2025-03-09,USD,1.0
2025-03-09,CAD,1.32
2025-03-09,AUD,1.55
2025-03-09,EUR,0.92
2025-03-09,GBP,0.79
2025-03-10,USD,1.0
2025-03-10,CAD,1.32
2025-03-10,AUD,1.55
2025-03-10,EUR,0.92
2025-03-10,GBP,0.79
2025-03-11,USD,1.0
2025-03-11,CAD,1.32
2025-03-11,AUD,1.55
2025-03-11,EUR,0.92
2025-03-11,GBP,0.79
2025-03-12,USD,1.0
2025-03-12,CAD,1.32
2025-03-12,AUD,1.55
2025-03-12,EUR,0.92
2025-03-12,GBP,0.79
2025-03-13,USD,1.0
2025-03-13,CAD,1.32
2025-03-13,AUD,1.55
2025-03-13,EUR,0.92
2025-03-13,GBP,0.79
2025-03-14,USD,1.0
2025-03-14,CAD,1.32
2025-03-14,AUD,1.55
2025-03-14,EUR,0.92
2025-03-14,GBP,0.79
2025-03-15,USD,1.0
2025-03-15,CAD,1.32
2025-03-15,AUD,1.55
2025-03-15,EUR,0.92
2025-03-15,GBP,0.79
2025-03-16,USD,1.0
2025-03-16,CAD,1.32
2025-03-16,AUD,1.55
2025-03-16,EUR,0.92
2025-03-16,GBP,0.79
2025-03-17,USD,1.0
2025-03-17,CAD,1.32
2025-03-17,AUD,1.55
2025-03-17,EUR,0.92
2025-03-17,GBP,0.79
2025-03-18,USD,1.0
2025-03-18,CAD,1.32
2025-03-18,AUD,1.55
2025-03-18,EUR,0.92
2025-03-18,GBP,0.79
2025-03-19,USD,1.0
2025-03-19,CAD,1.32
2025-03-19,AUD,1.55
2025-03-19,EUR,0.92
2025-03-19,GBP,0.79
2025-03-20,USD,1.0
2025-03-20,CAD,1.32
2025-03-20,AUD,1.55
2025-03-20,EUR,0.92
2025-03-20,GBP,0.79
2025-03-21,USD,1.0
2025-03-21,CAD,1.32
2025-03-21,AUD,1.55
2025-03-21,EUR,0.92
2025-03-21,GBP,0.79
2025-03-22,USD,1.0
2025-03-22,CAD,1.32
2025-03-22,AUD,1.55
2025-03-22,EUR,0.92
2025-03-22,GBP,0.79
2025-03-23,USD,1.0
2025-03-23,CAD,1.32
2025-03-23,AUD,1.55
2025-03-23,EUR,0.92
2025-03-23,GBP,0.79
2025-03-24,USD,1.0
2025-03-24,CAD,1.32
2025-03-24,AUD,1.55
2025-03-24,EUR,0.92
2025-03-24,GBP,0.79
2025-03-25,USD,1.0
2025-03-25,CAD,1.32
2025-03-25,AUD,1.55
2025-03-25,EUR,0.92
2025-03-25,GBP,0.79
2025-03-26,USD,1.0
2025-03-26,CAD,1.32
2025-03-26,AUD,1.55
2025-03-26,EUR,0.92
2025-03-26,GBP,0.79
2025-03-27,USD,1.0
2025-03-27,CAD,1.32
2025-03-27,AUD,1.55
2025-03-27,EUR,0.92
2025-03-27,GBP,0.79
2025-03-28,USD,1.0
2025-03-28,CAD,1.32
2025-03-28,AUD,1.55
2025-03-28,EUR,0.92
2025-03-28,GBP,0.79
2025-03-29,USD,1.0
2025-03-29,CAD,1.32
2025-03-29,AUD,1.55
2025-03-29,EUR,0.92
2025-03-29,GBP,0.79
2025-03-30,USD,1.0
2025-03-30,CAD,1.32
2025-03-30,AUD,1.55
2025-03-30,EUR,0.92
2025-03-30,GBP,0.79
2025-03-31,USD,1.0
2025-03-31,CAD,1.32
2025-03-31,AUD,1.55
2025-03-31,EUR,0.92
2025-03-31,GBP,0.79
2025-04-01,USD,1.0
2025-04-01,CAD,1.32
2025-04-01,AUD,1.55
2025-04-01,EUR,0.92
2025-04-01,GBP,0.79
2025-04-02,USD,1.0
2025-04-02,CAD,1.32
2025-04-02,AUD,1.55
2025-04-02,EUR,0.92
2025-04-02,GBP,0.79
2025-04-03,USD,1.0
2025-04-03,CAD,1.32
2025-04-03,AUD,1.55
2025-04-03,EUR,0.92
2025-04-03,GBP,0.79
2025-04-04,USD,1.0
2025-04-04,CAD,1.32
2025-04-04,AUD,1.55
2025-04-04,EUR,0.92
2025-04-04,GBP,0.79
2025-04-05,USD,1.0
2025-04-05,CAD,1.32
2025-04-05,AUD,1.55
2025-04-05,EUR,0.92
2025-04-05,GBP,0.79
2025-04-06,USD,1.0
2025-04-06,CAD,1.32
2025-04-06,AUD,1.55
2025-04-06,EUR,0.92
2025-04-06,GBP,0.79
2025-04-07,USD,1.0
2025-04-07,CAD,1.32
2025-04-07,AUD,1.55
2025-04-07,EUR,0.92
2025-04-07,GBP,0.79
2025-04-08,USD,1.0
2025-04-08,CAD,1.32
2025-04-08,AUD,1.55
2025-04-08,EUR,0.92
2025-04-08,GBP,0.79
2025-04-09,USD,1.0
2025-04-09,CAD,1.32
2025-04-09,AUD,1.55
2025-04-09,EUR,0.92
2025-04-09,GBP,0.79
2025-04-10,USD,1.0
2025-04-10,CAD,1.32
2025-04-10,AUD,1.55
2025-04-10,EUR,0.92
2025-04-10,GBP,0.79
2025-04-11,USD,1.0
2025-04-11,CAD,1.32
2025-04-11,AUD,1.55
2025-04-11,EUR,0.92
2025-04-11,GBP,0.79
2025-04-12,USD,1.0
2025-04-12,CAD,1.32
2025-04-12,AUD,1.55
2025-04-12,EUR,0.92
2025-04-12,GBP,0.79
2025-04-13,USD,1.0
2025-04-13,CAD,1.32
2025-04-13,AUD,1.55
2025-04-13,EUR,0.92
2025-04-13,GBP,0.79
2025-04-14,USD,1.0
2025-04-14,CAD,1.32
2025-04-14,AUD,1.55
2025-04-14,EUR,0.92
2025-04-14,GBP,0.79
2025-04-15,USD,1.0
2025-04-15,CAD,1.32
2025-04-15,AUD,1.55
2025-04-15,EUR,0.92
2025-04-15,GBP,0.79
2025-04-16,USD,1.0
2025-04-16,CAD,1.32
2025-04-16,AUD,1.55
2025-04-16,EUR,0.92
2025-04-16,GBP,0.79
2025-04-17,USD,1.0
2025-04-17,CAD,1.32
2025-04-17,AUD,1.55
2025-04-17,EUR,0.92
2025-04-17,GBP,0.79
2025-04-18,USD,1.0
2025-04-18,CAD,1.32
2025-04-18,AUD,1.55
2025-04-18,EUR,0.92
2025-04-18,GBP,0.79
2025-04-19,USD,1.0
2025-04-19,CAD,1.32
2025-04-19,AUD,1.55
2025-04-19,EUR,0.92
2025-04-19,GBP,0.79
2025-04-20,USD,1.0
2025-04-20,CAD,1.32
2025-04-20,AUD,1.55
2025-04-20,EUR,0.92
2025-04-20,GBP,0.79
2025-04-21,USD,1.0
2025-04-21,CAD,1.32
2025-04-21,AUD,1.55
2025-04-21,EUR,0.92
2025-04-21,GBP,0.79
2025-04-22,USD,1.0
2025-04-22,CAD,1.32
2025-04-22,AUD,1.55
2025-04-22,EUR,0.92
2025-04-22,GBP,0.79
2025-04-23,USD,1.0
2025-04-23,CAD,1.32
2025-04-23,AUD,1.55
2025-04-23,EUR,0.92
2025-04-23,GBP,0.79
2025-04-24,USD,1.0
2025-04-24,CAD,1.32
2025-04-24,AUD,1.55
2025-04-24,EUR,0.92
2025-04-24,GBP,0.79
2025-04-25,USD,1.0
2025-04-25,CAD,1.32
2025-04-25,AUD,1.55
2025-04-25,EUR,0.92
2025-04-25,GBP,0.79
2025-04-26,USD,1.0
2025-04-26,CAD,1.32
2025-04-26,AUD,1.55
2025-04-26,EUR,0.92
2025-04-26,GBP,0.79
2025-04-27,USD,1.0
2025-04-27,CAD,1.32
2025-04-27,AUD,1.55
2025-04-27,EUR,0.92
2025-04-27,GBP,0.79
2025-04-28,USD,1.0
2025-04-28,CAD,1.32
2025-04-28,AUD,1.55
2025-04-28,EUR,0.92
2025-04-28,GBP,0.79
2025-04-29,USD,1.0
2025-04-29,CAD,1.32
2025-04-29,AUD,1.55
2025-04-29,EUR,0.92
2025-04-29,GBP,0.79
2025-04-30,USD,1.0
2025-04-30,CAD,1.32
2025-04-30,AUD,1.55
2025-04-30,EUR,0.92
2025-04-30,GBP,0.79
2025-05-01,USD,1.0
2025-05-01,CAD,1.32
2025-05-01,AUD,1.55
2025-05-01,EUR,0.92
2025-05-01,GBP,0.79
2025-05-02,USD,1.0
2025-05-02,CAD,1.32
2025-05-02,AUD,1.55
2025-05-02,EUR,0.92
2025-05-02,GBP,0.79
2025-05-03,USD,1.0
2025-05-03,CAD,1.32
2025-05-03,AUD,1.55
2025-05-03,EUR,0.92
2025-05-03,GBP,0.79
2025-05-04,USD,1.0
2025-05-04,CAD,1.32
2025-05-04,AUD,1.55
2025-05-04,EUR,0.92
2025-05-04,GBP,0.79
2025-05-05,USD,1.0
2025-05-05,CAD,1.32
2025-05-05,AUD,1.55
2025-05-05,EUR,0.92
2025-05-05,GBP,0.79
2025-05-06,USD,1.0
2025-05-06,CAD,1.32
2025-05-06,AUD,1.55
2025-05-06,EUR,0.92
2025-05-06,GBP,0.79
2025-05-07,USD,1.0
2025-05-07,CAD,1.32
2025-05-07,AUD,1.55
2025-05-07,EUR,0.92
2025-05-07,GBP,0.79
2025-05-08,USD,1.0
2025-05-08,CAD,1.32
2025-05-08,AUD,1.55
2025-05-08,EUR,0.92
2025-05-08,GBP,0.79
2025-05-09,USD,1.0
2025-05-09,CAD,1.32
2025-05-09,AUD,1.55
2025-05-09,EUR,0.92
2025-05-09,GBP,0.79
2025-05-10,USD,1.0
2025-05-10,CAD,1.32
2025-05-10,AUD,1.55
2025-05-10,EUR,0.92
2025-05-10,GBP,0.79
2025-05-11,USD,1.0
2025-05-11,CAD,1.32
2025-05-11,AUD,1.55
2025-05-11,EUR,0.92
2025-05-11,GBP,0.79
2025-05-12,USD,1.0
2025-05-12,CAD,1.32
2025-05-12,AUD,1.55
2025-05-12,EUR,0.92
2025-05-12,GBP,0.79
2025-05-13,USD,1.0
2025-05-13,CAD,1.32
2025-05-13,AUD,1.55
2025-05-13,EUR,0.92
2025-05-13,GBP,0.79
2025-05-14,USD,1.0
2025-05-14,CAD,1.32
2025-05-14,AUD,1.55
2025-05-14,EUR,0.92
2025-05-14,GBP,0.79
2025-05-15,USD,1.0
2025-05-15,CAD,1.32
2025-05-15,AUD,1.55
2025-05-15,EUR,0.92
2025-05-15,GBP,0.79
2025-05-16,USD,1.0
2025-05-16,CAD,1.32
2025-05-16,AUD,1.55
2025-05-16,EUR,0.92
2025-05-16,GBP,0.79
2025-05-17,USD,1.0
2025-05-17,CAD,1.32
2025-05-17,AUD,1.55
2025-05-17,EUR,0.92
2025-05-17,GBP,0.79
2025-05-18,USD,1.0
2025-05-18,CAD,1.32
2025-05-18,AUD,1.55
2025-05-18,EUR,0.92
2025-05-18,GBP,0.79
2025-05-19,USD,1.0
2025-05-19,CAD,1.32
2025-05-19,AUD,1.55
2025-05-19,EUR,0.92
2025-05-19,GBP,0.79
2025-05-20,USD,1.0
2025-05-20,CAD,1.32
2025-05-20,AUD,1.55
2025-05-20,EUR,0.92
2025-05-20,GBP,0.79
2025-05-21,USD,1.0
2025-05-21,CAD,1.32
2025-05-21,AUD,1.55
2025-05-21,EUR,0.92
2025-05-21,GBP,0.79
2025-05-22,USD,1.0
2025-05-22,CAD,1.32
2025-05-22,AUD,1.55
2025-05-22,EUR,0.92
2025-05-22,GBP,0.79
2025-05-23,USD,1.0
2025-05-23,CAD,1.32
2025-05-23,AUD,1.55
2025-05-23,EUR,0.92
2025-05-23,GBP,0.79
2025-05-24,USD,1.0
2025-05-24,CAD,1.32
2025-05-24,AUD,1.55
2025-05-24,EUR,0.92
2025-05-24,GBP,0.79
2025-05-25,USD,1.0
2025-05-25,CAD,1.32
2025-05-25,AUD,1.55
2025-05-25,EUR,0.92
2025-05-25,GBP,0.79
2025-05-26,USD,1.0
2025-05-26,CAD,1.32
2025-05-26,AUD,1.55
2025-05-26,EUR,0.92
2025-05-26,GBP,0.79
2025-05-27,USD,1.0
2025-05-27,CAD,1.32
2025-05-27,AUD,1.55
2025-05-27,EUR,0.92
2025-05-27,GBP,0.79
2025-05-28,USD,1.0
2025-05-28,CAD,1.32
2025-05-28,AUD,1.55
2025-05-28,EUR,0.92
2025-05-28,GBP,0.79
2025-05-29,USD,1.0
2025-05-29,CAD,1.32
2025-05-29,AUD,1.55
2025-05-29,EUR,0.92
2025-05-29,GBP,0.79
2025-05-30,USD,1.0
2025-05-30,CAD,1.32
2025-05-30,AUD,1.55
2025-05-30,EUR,0.92
2025-05-30,GBP,0.79
2025-05-31,USD,1.0
2025-05-31,CAD,1.32
2025-05-31,AUD,1.55
2025-05-31,EUR,0.92
2025-05-31,GBP,0.79
2025-06-01,USD,1.0
2025-06-01,CAD,1.32
2025-06-01,AUD,1.55
2025-06-01,EUR,0.92
2025-06-01,GBP,0.79
2025-06-02,USD,1.0
2025-06-02,CAD,1.32
2025-06-02,AUD,1.55
2025-06-02,EUR,0.92
2025-06-02,GBP,0.79
2025-06-03,USD,1.0
2025-06-03,CAD,1.32
2025-06-03,AUD,1.55
2025-06-03,EUR,0.92
2025-06-03,GBP,0.79
2025-06-04,USD,1.0
2025-06-04,CAD,1.32
2025-06-04,AUD,1.55
2025-06-04,EUR,0.92
2025-06-04,GBP,0.79
2025-06-05,USD,1.0
2025-06-05,CAD,1.32
2025-06-05,AUD,1.55
2025-06-05,EUR,0.92
2025-06-05,GBP,0.79
2025-06-06,USD,1.0
2025-06-06,CAD,1.32
2025-06-06,AUD,1.55
2025-06-06,EUR,0.92
2025-06-06,GBP,0.79
2025-06-07,USD,1.0
2025-06-07,CAD,1.32
2025-06-07,AUD,1.55
2025-06-07,EUR,0.92
2025-06-07,GBP,0.79
2025-06-08,USD,1.0
2025-06-08,CAD,1.32
2025-06-08,AUD,1.55
2025-06-08,EUR,0.92
2025-06-08,GBP,0.79
2025-06-09,USD,1.0
2025-06-09,CAD,1.32
2025-06-09,AUD,1.55
2025-06-09,EUR,0.92
2025-06-09,GBP,0.79
2025-06-10,USD,1.0
2025-06-10,CAD,1.32
2025-06-10,AUD,1.55
2025-06-10,EUR,0.92
2025-06-10,GBP,0.79
2025-06-11,USD,1.0
2025-06-11,CAD,1.32
2025-06-11,AUD,1.55
2025-06-11,EUR,0.92
2025-06-11,GBP,0.79
2025-06-12,USD,1.0
2025-06-12,CAD,1.32
2025-06-12,AUD,1.55
2025-06-12,EUR,0.92
2025-06-12,GBP,0.79
2025-06-13,USD,1.0
2025-06-13,CAD,1.32
2025-06-13,AUD,1.55
2025-06-13,EUR,0.92
2025-06-13,GBP,0.79
2025-06-14,USD,1.0
2025-06-14,CAD,1.32
2025-06-14,AUD,1.55
2025-06-14,EUR,0.92
2025-06-14,GBP,0.79
2025-06-15,USD,1.0
2025-06-15,CAD,1.32
2025-06-15,AUD,1.55
2025-06-15,EUR,0.92
2025-06-15,GBP,0.79
2025-06-16,USD,1.0
2025-06-16,CAD,1.32
2025-06-16,AUD,1.55
2025-06-16,EUR,0.92
2025-06-16,GBP,0.79
2025-06-17,USD,1.0
2025-06-17,CAD,1.32
2025-06-17,AUD,1.55
2025-06-17,EUR,0.92
2025-06-17,GBP,0.79
2025-06-18,USD,1.0
2025-06-18,CAD,1.32
2025-06-18,AUD,1.55
2025-06-18,EUR,0.92
2025-06-18,GBP,0.79
2025-06-19,USD,1.0
2025-06-19,CAD,1.32
2025-06-19,AUD,1.55
2025-06-19,EUR,0.92
2025-06-19,GBP,0.79
2025-06-20,USD,1.0
2025-06-20,CAD,1.32
2025-06-20,AUD,1.55
2025-06-20,EUR,0.92
2025-06-20,GBP,0.79
2025-06-21,USD,1.0
2025-06-21,CAD,1.32
2025-06-21,AUD,1.55
2025-06-21,EUR,0.92
2025-06-21,GBP,0.79
2025-06-22,USD,1.0
2025-06-22,CAD,1.32
2025-06-22,AUD,1.55
2025-06-22,EUR,0.92
2025-06-22,GBP,0.79
2025-06-23,USD,1.0
2025-06-23,CAD,1.32
2025-06-23,AUD,1.55
2025-06-23,EUR,0.92
2025-06-23,GBP,0.79
2025-06-24,USD,1.0
2025-06-24,CAD,1.32
2025-06-24,AUD,1.55
2025-06-24,EUR,0.92
2025-06-24,GBP,0.79
2025-06-25,USD,1.0
2025-06-25,CAD,1.32
2025-06-25,AUD,1.55
2025-06-25,EUR,0.92
2025-06-25,GBP,0.79
2025-06-26,USD,1.0
2025-06-26,CAD,1.32
2025-06-26,AUD,1.55
2025-06-26,EUR,0.92
2025-06-26,GBP,0.79
2025-06-27,USD,1.0
2025-06-27,CAD,1.32
2025-06-27,AUD,1.55
2025-06-27,EUR,0.92
2025-06-27,GBP,0.79
2025-06-28,USD,1.0
2025-06-28,CAD,1.32
2025-06-28,AUD,1.55
2025-06-28,EUR,0.92
2025-06-28,GBP,0.79
2025-06-29,USD,1.0
2025-06-29,CAD,1.32
2025-06-29,AUD,1.55
2025-06-29,EUR,0.92
2025-06-29,GBP,0.79
2025-06-30,USD,1.0
2025-06-30,CAD,1.32
2025-06-30,AUD,1.55
2025-06-30,EUR,0.92
2025-06-30,GBP,0.79
2025-07-01,USD,1.0
2025-07-01,CAD,1.32
2025-07-01,AUD,1.55
2025-07-01,EUR,0.92
2025-07-01,GBP,0.79
2025-07-02,USD,1.0
2025-07-02,CAD,1.32
2025-07-02,AUD,1.55
2025-07-02,EUR,0.92
2025-07-02,GBP,0.79
2025-07-03,USD,1.0
2025-07-03,CAD,1.32
2025-07-03,AUD,1.55
2025-07-03,EUR,0.92
2025-07-03,GBP,0.79
2025-07-04,USD,1.0
2025-07-04,CAD,1.32
2025-07-04,AUD,1.55
2025-07-04,EUR,0.92
2025-07-04,GBP,0.79
2025-07-05,USD,1.0
2025-07-05,CAD,1.32
2025-07-05,AUD,1.55
2025-07-05,EUR,0.92
2025-07-05,GBP,0.79
2025-07-06,USD,1.0
2025-07-06,CAD,1.32
2025-07-06,AUD,1.55
2025-07-06,EUR,0.92
2025-07-06,GBP,0.79
2025-07-07,USD,1.0
2025-07-07,CAD,1.32
2025-07-07,AUD,1.55
2025-07-07,EUR,0.92
2025-07-07,GBP,0.79
2025-07-08,USD,1.0
2025-07-08,CAD,1.32
2025-07-08,AUD,1.55
2025-07-08,EUR,0.92
2025-07-08,GBP,0.79
2025-07-09,USD,1.0
2025-07-09,CAD,1.32
2025-07-09,AUD,1.55
2025-07-09,EUR,0.92
2025-07-09,GBP,0.79
2025-07-10,USD,1.0
2025-07-10,CAD,1.32
2025-07-10,AUD,1.55
2025-07-10,EUR,0.92
2025-07-10,GBP,0.79
2025-07-11,USD,1.0
2025-07-11,CAD,1.32
2025-07-11,AUD,1.55
2025-07-11,EUR,0.92
2025-07-11,GBP,0.79
2025-07-12,USD,1.0
2025-07-12,CAD,1.32
2025-07-12,AUD,1.55
2025-07-12,EUR,0.92
2025-07-12,GBP,0.79
2025-07-13,USD,1.0
2025-07-13,CAD,1.32
2025-07-13,AUD,1.55
2025-07-13,EUR,0.92
2025-07-13,GBP,0.79
2025-07-14,USD,1.0
2025-07-14,CAD,1.32
2025-07-14,AUD,1.55
2025-07-14,EUR,0.92
2025-07-14,GBP,0.79
2025-07-15,USD,1.0
2025-07-15,CAD,1.32
2025-07-15,AUD,1.55
2025-07-15,EUR,0.92
2025-07-15,GBP,0.79
2025-07-16,USD,1.0
2025-07-16,CAD,1.32
2025-07-16,AUD,1.55
2025-07-16,EUR,0.92
2025-07-16,GBP,0.79
2025-07-17,USD,1.0
2025-07-17,CAD,1.32
2025-07-17,AUD,1.55
2025-07-17,EUR,0.92
2025-07-17,GBP,0.79
2025-07-18,USD,1.0
2025-07-18,CAD,1.32
2025-07-18,AUD,1.55
2025-07-18,EUR,0.92
2025-07-18,GBP,0.79
2025-07-19,USD,1.0
2025-07-19,CAD,1.32
2025-07-19,AUD,1.55
2025-07-19,EUR,0.92
2025-07-19,GBP,0.79
2025-07-20,USD,1.0
2025-07-20,CAD,1.32
2025-07-20,AUD,1.55
2025-07-20,EUR,0.92
2025-07-20,GBP,0.79
2025-07-21,USD,1.0
2025-07-21,CAD,1.32
2025-07-21,AUD,1.55
2025-07-21,EUR,0.92
2025-07-21,GBP,0.79
2025-07-22,USD,1.0
2025-07-22,CAD,1.32
2025-07-22,AUD,1.55
2025-07-22,EUR,0.92
2025-07-22,GBP,0.79
2025-07-23,USD,1.0
2025-07-23,CAD,1.32
2025-07-23,AUD,1.55
2025-07-23,EUR,0.92
2025-07-23,GBP,0.79
2025-07-24,USD,1.0
2025-07-24,CAD,1.32
2025-07-24,AUD,1.55
2025-07-24,EUR,0.92
2025-07-24,GBP,0.79
2025-07-25,USD,1.0
2025-07-25,CAD,1.32
2025-07-25,AUD,1.55
2025-07-25,EUR,0.92
2025-07-25,GBP,0.79
2025-07-26,USD,1.0
2025-07-26,CAD,1.32
2025-07-26,AUD,1.55
2025-07-26,EUR,0.92
2025-07-26,GBP,0.79
2025-07-27,USD,1.0
2025-07-27,CAD,1.32
2025-07-27,AUD,1.55
2025-07-27,EUR,0.92
2025-07-27,GBP,0.79
2025-07-28,USD,1.0
2025-07-28,CAD,1.32
2025-07-28,AUD,1.55
2025-07-28,EUR,0.92
2025-07-28,GBP,0.79
2025-07-29,USD,1.0
2025-07-29,CAD,1.32
2025-07-29,AUD,1.55
2025-07-29,EUR,0.92
2025-07-29,GBP,0.79
2025-07-30,USD,1.0
2025-07-30,CAD,1.32
2025-07-30,AUD,1.55
2025-07-30,EUR,0.92
2025-07-30,GBP,0.79
2025-07-31,USD,1.0
2025-07-31,CAD,1.32
2025-07-31,AUD,1.55
2025-07-31,EUR,0.92
2025-07-31,GBP,0.79
2025-08-01,USD,1.0
2025-08-01,CAD,1.32
2025-08-01,AUD,1.55
2025-08-01,EUR,0.92
2025-08-01,GBP,0.79
2025-08-02,USD,1.0
2025-08-02,CAD,1.32
2025-08-02,AUD,1.55
2025-08-02,EUR,0.92
2025-08-02,GBP,0.79
2025-08-03,USD,1.0
2025-08-03,CAD,1.32
2025-08-03,AUD,1.55
2025-08-03,EUR,0.92
2025-08-03,GBP,0.79
2025-08-04,USD,1.0
2025-08-04,CAD,1.32
2025-08-04,AUD,1.55
2025-08-04,EUR,0.92
2025-08-04,GBP,0.79
2025-08-05,USD,1.0
2025-08-05,CAD,1.32
2025-08-05,AUD,1.55
2025-08-05,EUR,0.92
2025-08-05,GBP,0.79
2025-08-06,USD,1.0
2025-08-06,CAD,1.32
2025-08-06,AUD,1.55
2025-08-06,EUR,0.92
2025-08-06,GBP,0.79
2025-08-07,USD,1.0
2025-08-07,CAD,1.32
2025-08-07,AUD,1.55
2025-08-07,EUR,0.92
2025-08-07,GBP,0.79
2025-08-08,USD,1.0
2025-08-08,CAD,1.32
2025-08-08,AUD,1.55
2025-08-08,EUR,0.92
2025-08-08,GBP,0.79
2025-08-09,USD,1.0
2025-08-09,CAD,1.32
2025-08-09,AUD,1.55
2025-08-09,EUR,0.92
2025-08-09,GBP,0.79
2025-08-10,USD,1.0
2025-08-10,CAD,1.32
2025-08-10,AUD,1.55
2025-08-10,EUR,0.92
2025-08-10,GBP,0.79
2025-08-11,USD,1.0
2025-08-11,CAD,1.32
2025-08-11,AUD,1.55
2025-08-11,EUR,0.92
2025-08-11,GBP,0.79
2025-08-12,USD,1.0
2025-08-12,CAD,1.32
2025-08-12,AUD,1.55
2025-08-12,EUR,0.92
2025-08-12,GBP,0.79
2025-08-13,USD,1.0
2025-08-13,CAD,1.32
2025-08-13,AUD,1.55
2025-08-13,EUR,0.92
2025-08-13,GBP,0.79
2025-08-14,USD,1.0
2025-08-14,CAD,1.32
2025-08-14,AUD,1.55
2025-08-14,EUR,0.92
2025-08-14,GBP,0.79
2025-08-15,USD,1.0
2025-08-15,CAD,1.32
2025-08-15,AUD,1.55
2025-08-15,EUR,0.92
2025-08-15,GBP,0.79
2025-08-16,USD,1.0
2025-08-16,CAD,1.32
2025-08-16,AUD,1.55
2025-08-16,EUR,0.92
2025-08-16,GBP,0.79
2025-08-17,USD,1.0
2025-08-17,CAD,1.32
2025-08-17,AUD,1.55
2025-08-17,EUR,0.92
2025-08-17,GBP,0.79
2025-08-18,USD,1.0
2025-08-18,CAD,1.32
2025-08-18,AUD,1.55
2025-08-18,EUR,0.92
2025-08-18,GBP,0.79
2025-08-19,USD,1.0
2025-08-19,CAD,1.32
2025-08-19,AUD,1.55
2025-08-19,EUR,0.92
2025-08-19,GBP,0.79
2025-08-20,USD,1.0
2025-08-20,CAD,1.32
2025-08-20,AUD,1.55
2025-08-20,EUR,0.92
2025-08-20,GBP,0.79
2025-08-21,USD,1.0
2025-08-21,CAD,1.32
2025-08-21,AUD,1.55
2025-08-21,EUR,0.92
2025-08-21,GBP,0.79
2025-08-22,USD,1.0
2025-08-22,CAD,1.32
2025-08-22,AUD,1.55
2025-08-22,EUR,0.92
2025-08-22,GBP,0.79
2025-08-23,USD,1.0
2025-08-23,CAD,1.32
2025-08-23,AUD,1.55
2025-08-23,EUR,0.92
2025-08-23,GBP,0.79
2025-08-24,USD,1.0
2025-08-24,CAD,1.32
2025-08-24,AUD,1.55
2025-08-24,EUR,0.92
2025-08-24,GBP,0.79
2025-08-25,USD,1.0
2025-08-25,CAD,1.32
2025-08-25,AUD,1.55
2025-08-25,EUR,0.92
2025-08-25,GBP,0.79
2025-08-26,USD,1.0
2025-08-26,CAD,1.32
2025-08-26,AUD,1.55
2025-08-26,EUR,0.92
2025-08-26,GBP,0.79
2025-08-27,USD,1.0
2025-08-27,CAD,1.32
2025-08-27,AUD,1.55
2025-08-27,EUR,0.92
2025-08-27,GBP,0.79
2025-08-28,USD,1.0
2025-08-28,CAD,1.32
2025-08-28,AUD,1.55
2025-08-28,EUR,0.92
2025-08-28,GBP,0.79
2025-08-29,USD,1.0
2025-08-29,CAD,1.32
2025-08-29,AUD,1.55
2025-08-29,EUR,0.92
2025-08-29,GBP,0.79
2025-08-30,USD,1.0
2025-08-30,CAD,1.32
2025-08-30,AUD,1.55
2025-08-30,EUR,0.92
2025-08-30,GBP,0.79
2025-08-31,USD,1.0
2025-08-31,CAD,1.32
2025-08-31,AUD,1.55
2025-08-31,EUR,0.92
2025-08-31,GBP,0.79
2025-09-01,USD,1.0
2025-09-01,CAD,1.32
2025-09-01,AUD,1.55
2025-09-01,EUR,0.92
2025-09-01,GBP,0.79
2025-09-02,USD,1.0
2025-09-02,CAD,1.32
2025-09-02,AUD,1.55
2025-09-02,EUR,0.92
2025-09-02,GBP,0.79
2025-09-03,USD,1.0
2025-09-03,CAD,1.32
2025-09-03,AUD,1.55
2025-09-03,EUR,0.92
2025-09-03,GBP,0.79
2025-09-04,USD,1.0
2025-09-04,CAD,1.32
2025-09-04,AUD,1.55
2025-09-04,EUR,0.92
2025-09-04,GBP,0.79
2025-09-05,USD,1.0
2025-09-05,CAD,1.32
2025-09-05,AUD,1.55
2025-09-05,EUR,0.92
2025-09-05,GBP,0.79
2025-09-06,USD,1.0
2025-09-06,CAD,1.32
2025-09-06,AUD,1.55
2025-09-06,EUR,0.92
2025-09-06,GBP,0.79
2025-09-07,USD,1.0
2025-09-07,CAD,1.32
2025-09-07,AUD,1.55
2025-09-07,EUR,0.92
2025-09-07,GBP,0.79
2025-09-08,USD,1.0
2025-09-08,CAD,1.32
2025-09-08,AUD,1.55
2025-09-08,EUR,0.92
2025-09-08,GBP,0.79
2025-09-09,USD,1.0
2025-09-09,CAD,1.32
2025-09-09,AUD,1.55
2025-09-09,EUR,0.92
2025-09-09,GBP,0.79
2025-09-10,USD,1.0
2025-09-10,CAD,1.32
2025-09-10,AUD,1.55
2025-09-10,EUR,0.92
2025-09-10,GBP,0.79
2025-09-11,USD,1.0
2025-09-11,CAD,1.32
2025-09-11,AUD,1.55
2025-09-11,EUR,0.92
2025-09-11,GBP,0.79
2025-09-12,USD,1.0
2025-09-12,CAD,1.32
2025-09-12,AUD,1.55
2025-09-12,EUR,0.92
2025-09-12,GBP,0.79
2025-09-13,USD,1.0
2025-09-13,CAD,1.32
2025-09-13,AUD,1.55
2025-09-13,EUR,0.92
2025-09-13,GBP,0.79
2025-09-14,USD,1.0
2025-09-14,CAD,1.32
2025-09-14,AUD,1.55
2025-09-14,EUR,0.92
2025-09-14,GBP,0.79
2025-09-15,USD,1.0
2025-09-15,CAD,1.32
2025-09-15,AUD,1.55
2025-09-15,EUR,0.92
2025-09-15,GBP,0.79
2025-09-16,USD,1.0
2025-09-16,CAD,1.32
2025-09-16,AUD,1.55
2025-09-16,EUR,0.92
2025-09-16,GBP,0.79
2025-09-17,USD,1.0
2025-09-17,CAD,1.32
2025-09-17,AUD,1.55
2025-09-17,EUR,0.92
2025-09-17,GBP,0.79
2025-09-18,USD,1.0
2025-09-18,CAD,1.32
2025-09-18,AUD,1.55
2025-09-18,EUR,0.92
2025-09-18,GBP,0.79
2025-09-19,USD,1.0
2025-09-19,CAD,1.32
2025-09-19,AUD,1.55
2025-09-19,EUR,0.92
2025-09-19,GBP,0.79
2025-09-20,USD,1.0
2025-09-20,CAD,1.32
2025-09-20,AUD,1.55
2025-09-20,EUR,0.92
2025-09-20,GBP,0.79
2025-09-21,USD,1.0
2025-09-21,CAD,1.32
2025-09-21,AUD,1.55
2025-09-21,EUR,0.92
2025-09-21,GBP,0.79
2025-09-22,USD,1.0
2025-09-22,CAD,1.32
2025-09-22,AUD,1.55
2025-09-22,EUR,0.92
2025-09-22,GBP,0.79
2025-09-23,USD,1.0
2025-09-23,CAD,1.32
2025-09-23,AUD,1.55
2025-09-23,EUR,0.92
2025-09-23,GBP,0.79
2025-09-24,USD,1.0
2025-09-24,CAD,1.32
2025-09-24,AUD,1.55
2025-09-24,EUR,0.92
2025-09-24,GBP,0.79
2025-09-25,USD,1.0
2025-09-25,CAD,1.32
2025-09-25,AUD,1.55
2025-09-25,EUR,0.92
2025-09-25,GBP,0.79
2025-09-26,USD,1.0
2025-09-26,CAD,1.32
2025-09-26,AUD,1.55
2025-09-26,EUR,0.92
2025-09-26,GBP,0.79
2025-09-27,USD,1.0
2025-09-27,CAD,1.32
2025-09-27,AUD,1.55
2025-09-27,EUR,0.92
2025-09-27,GBP,0.79
2025-09-28,USD,1.0
2025-09-28,CAD,1.32
2025-09-28,AUD,1.55
2025-09-28,EUR,0.92
2025-09-28,GBP,0.79
2025-09-29,USD,1.0
2025-09-29,CAD,1.32
2025-09-29,AUD,1.55
2025-09-29,EUR,0.92
2025-09-29,GBP,0.79
2025-09-30,USD,1.0
2025-09-30,CAD,1.32
2025-09-30,AUD,1.55
2025-09-30,EUR,0.92
2025-09-30,GBP,0.79
2025-10-01,USD,1.0
2025-10-01,CAD,1.32
2025-10-01,AUD,1.55
2025-10-01,EUR,0.92
2025-10-01,GBP,0.79
2025-10-02,USD,1.0
2025-10-02,CAD,1.32
2025-10-02,AUD,1.55
2025-10-02,EUR,0.92
2025-10-02,GBP,0.79
2025-10-03,USD,1.0
2025-10-03,CAD,1.32
2025-10-03,AUD,1.55
2025-10-03,EUR,0.92
2025-10-03,GBP,0.79
2025-10-04,USD,1.0
2025-10-04,CAD,1.32
2025-10-04,AUD,1.55
2025-10-04,EUR,0.92
2025-10-04,GBP,0.79
2025-10-05,USD,1.0
2025-10-05,CAD,1.32
2025-10-05,AUD,1.55
2025-10-05,EUR,0.92
2025-10-05,GBP,0.79
2025-10-06,USD,1.0
2025-10-06,CAD,1.32
2025-10-06,AUD,1.55
2025-10-06,EUR,0.92
2025-10-06,GBP,0.79
2025-10-07,USD,1.0
2025-10-07,CAD,1.32
2025-10-07,AUD,1.55
2025-10-07,EUR,0.92
2025-10-07,GBP,0.79
2025-10-08,USD,1.0
2025-10-08,CAD,1.32
2025-10-08,AUD,1.55
2025-10-08,EUR,0.92
2025-10-08,GBP,0.79
2025-10-09,USD,1.0
2025-10-09,CAD,1.32
2025-10-09,AUD,1.55
2025-10-09,EUR,0.92
2025-10-09,GBP,0.79
2025-10-10,USD,1.0
2025-10-10,CAD,1.32
2025-10-10,AUD,1.55
2025-10-10,EUR,0.92
2025-10-10,GBP,0.79
2025-10-11,USD,1.0
2025-10-11,CAD,1.32
2025-10-11,AUD,1.55
2025-10-11,EUR,0.92
2025-10-11,GBP,0.79
2025-10-12,USD,1.0
2025-10-12,CAD,1.32
2025-10-12,AUD,1.55
2025-10-12,EUR,0.92
2025-10-12,GBP,0.79
2025-10-13,USD,1.0
2025-10-13,CAD,1.32
2025-10-13,AUD,1.55
2025-10-13,EUR,0.92
2025-10-13,GBP,0.79
2025-10-14,USD,1.0
2025-10-14,CAD,1.32
2025-10-14,AUD,1.55
2025-10-14,EUR,0.92
2025-10-14,GBP,0.79
2025-10-15,USD,1.0
2025-10-15,CAD,1.32
2025-10-15,AUD,1.55
2025-10-15,EUR,0.92
2025-10-15,GBP,0.79
2025-10-16,USD,1.0
2025-10-16,CAD,1.32
2025-10-16,AUD,1.55
2025-10-16,EUR,0.92
2025-10-16,GBP,0.79
2025-10-17,USD,1.0
2025-10-17,CAD,1.32
2025-10-17,AUD,1.55
2025-10-17,EUR,0.92
2025-10-17,GBP,0.79
2025-10-18,USD,1.0
2025-10-18,CAD,1.32
2025-10-18,AUD,1.55
2025-10-18,EUR,0.92
2025-10-18,GBP,0.79
2025-10-19,USD,1.0
2025-10-19,CAD,1.32
2025-10-19,AUD,1.55
2025-10-19,EUR,0.92
2025-10-19,GBP,0.79
2025-10-20,USD,1.0
2025-10-20,CAD,1.32
2025-10-20,AUD,1.55
2025-10-20,EUR,0.92
2025-10-20,GBP,0.79
2025-10-21,USD,1.0
2025-10-21,CAD,1.32
2025-10-21,AUD,1.55
2025-10-21,EUR,0.92
2025-10-21,GBP,0.79
2025-10-22,USD,1.0
2025-10-22,CAD,1.32
2025-10-22,AUD,1.55
2025-10-22,EUR,0.92
2025-10-22,GBP,0.79
2025-10-23,USD,1.0
2025-10-23,CAD,1.32
2025-10-23,AUD,1.55
2025-10-23,EUR,0.92
2025-10-23,GBP,0.79
2025-10-24,USD,1.0
2025-10-24,CAD,1.32
2025-10-24,AUD,1.55
2025-10-24,EUR,0.92
2025-10-24,GBP,0.79
2025-10-25,USD,1.0
2025-10-25,CAD,1.32
2025-10-25,AUD,1.55
2025-10-25,EUR,0.92
2025-10-25,GBP,0.79
2025-10-26,USD,1.0
2025-10-26,CAD,1.32
2025-10-26,AUD,1.55
2025-10-26,EUR,0.92
2025-10-26,GBP,0.79
2025-10-27,USD,1.0
2025-10-27,CAD,1.32
2025-10-27,AUD,1.55
2025-10-27,EUR,0.92
2025-10-27,GBP,0.79
2025-10-28,USD,1.0
2025-10-28,CAD,1.32
2025-10-28,AUD,1.55
2025-10-28,EUR,0.92
2025-10-28,GBP,0.79
2025-10-29,USD,1.0
2025-10-29,CAD,1.32
2025-10-29,AUD,1.55
2025-10-29,EUR,0.92
2025-10-29,GBP,0.79
2025-10-30,USD,1.0
2025-10-30,CAD,1.32
2025-10-30,AUD,1.55
2025-10-30,EUR,0.92
2025-10-30,GBP,0.79
2025-10-31,USD,1.0
2025-10-31,CAD,1.32
2025-10-31,AUD,1.55
2025-10-31,EUR,0.92
2025-10-31,GBP,0.79
2025-11-01,USD,1.0
2025-11-01,CAD,1.32
2025-11-01,AUD,1.55
2025-11-01,EUR,0.92
2025-11-01,GBP,0.79
2025-11-02,USD,1.0
2025-11-02,CAD,1.32
2025-11-02,AUD,1.55
2025-11-02,EUR,0.92
2025-11-02,GBP,0.79
2025-11-03,USD,1.0
2025-11-03,CAD,1.32
2025-11-03,AUD,1.55
2025-11-03,EUR,0.92
2025-11-03,GBP,0.79
2025-11-04,USD,1.0
2025-11-04,CAD,1.32
2025-11-04,AUD,1.55
2025-11-04,EUR,0.92
2025-11-04,GBP,0.79
2025-11-05,USD,1.0
2025-11-05,CAD,1.32
2025-11-05,AUD,1.55
2025-11-05,EUR,0.92
2025-11-05,GBP,0.79
2025-11-06,USD,1.0
2025-11-06,CAD,1.32
2025-11-06,AUD,1.55
2025-11-06,EUR,0.92
2025-11-06,GBP,0.79
2025-11-07,USD,1.0
2025-11-07,CAD,1.32
2025-11-07,AUD,1.55
2025-11-07,EUR,0.92
2025-11-07,GBP,0.79
2025-11-08,USD,1.0
2025-11-08,CAD,1.32
2025-11-08,AUD,1.55
2025-11-08,EUR,0.92
2025-11-08,GBP,0.79
2025-11-09,USD,1.0
2025-11-09,CAD,1.32
2025-11-09,AUD,1.55
2025-11-09,EUR,0.92
2025-11-09,GBP,0.79
2025-11-10,USD,1.0
2025-11-10,CAD,1.32
2025-11-10,AUD,1.55
2025-11-10,EUR,0.92
2025-11-10,GBP,0.79
2025-11-11,USD,1.0
2025-11-11,CAD,1.32
2025-11-11,AUD,1.55
2025-11-11,EUR,0.92
2025-11-11,GBP,0.79
2025-11-12,USD,1.0
2025-11-12,CAD,1.32
2025-11-12,AUD,1.55
2025-11-12,EUR,0.92
2025-11-12,GBP,0.79
2025-11-13,USD,1.0
2025-11-13,CAD,1.32
2025-11-13,AUD,1.55
2025-11-13,EUR,0.92
2025-11-13,GBP,0.79
2025-11-14,USD,1.0
2025-11-14,CAD,1.32
2025-11-14,AUD,1.55
2025-11-14,EUR,0.92
2025-11-14,GBP,0.79
2025-11-15,USD,1.0
2025-11-15,CAD,1.32
2025-11-15,AUD,1.55
2025-11-15,EUR,0.92
2025-11-15,GBP,0.79
2025-11-16,USD,1.0
2025-11-16,CAD,1.32
2025-11-16,AUD,1.55
2025-11-16,EUR,0.92
2025-11-16,GBP,0.79
2025-11-17,USD,1.0
2025-11-17,CAD,1.32
2025-11-17,AUD,1.55
2025-11-17,EUR,0.92
2025-11-17,GBP,0.79
2025-11-18,USD,1.0
2025-11-18,CAD,1.32
2025-11-18,AUD,1.55
2025-11-18,EUR,0.92
2025-11-18,GBP,0.79
2025-11-19,USD,1.0
2025-11-19,CAD,1.32
2025-11-19,AUD,1.55
2025-11-19,EUR,0.92
2025-11-19,GBP,0.79
2025-11-20,USD,1.0
2025-11-20,CAD,1.32
2025-11-20,AUD,1.55
2025-11-20,EUR,0.92
2025-11-20,GBP,0.79
2025-11-21,USD,1.0
2025-11-21,CAD,1.32
2025-11-21,AUD,1.55
2025-11-21,EUR,0.92
2025-11-21,GBP,0.79
2025-11-22,USD,1.0
2025-11-22,CAD,1.32
2025-11-22,AUD,1.55
2025-11-22,EUR,0.92
2025-11-22,GBP,0.79
2025-11-23,USD,1.0
2025-11-23,CAD,1.32
2025-11-23,AUD,1.55
2025-11-23,EUR,0.92
2025-11-23,GBP,0.79
2025-11-24,USD,1.0
2025-11-24,CAD,1.32
2025-11-24,AUD,1.55
2025-11-24,EUR,0.92
2025-11-24,GBP,0.79
2025-11-25,USD,1.0
2025-11-25,CAD,1.32
2025-11-25,AUD,1.55
2025-11-25,EUR,0.92
2025-11-25,GBP,0.79
2025-11-26,USD,1.0
2025-11-26,CAD,1.32
2025-11-26,AUD,1.55
2025-11-26,EUR,0.92
2025-11-26,GBP,0.79
2025-11-27,USD,1.0
2025-11-27,CAD,1.32
2025-11-27,AUD,1.55
2025-11-27,EUR,0.92
2025-11-27,GBP,0.79
2025-11-28,USD,1.0
2025-11-28,CAD,1.32
2025-11-28,AUD,1.55
2025-11-28,EUR,0.92
2025-11-28,GBP,0.79
2025-11-29,USD,1.0
2025-11-29,CAD,1.32
2025-11-29,AUD,1.55
2025-11-29,EUR,0.92
2025-11-29,GBP,0.79
2025-11-30,USD,1.0
2025-11-30,CAD,1.32
2025-11-30,AUD,1.55
2025-11-30,EUR,0.92
2025-11-30,GBP,0.79
2025-12-01,USD,1.0
2025-12-01,CAD,1.32
2025-12-01,AUD,1.55
2025-12-01,EUR,0.92
2025-12-01,GBP,0.79
2025-12-02,USD,1.0
2025-12-02,CAD,1.32
2025-12-02,AUD,1.55
2025-12-02,EUR,0.92
2025-12-02,GBP,0.79
2025-12-03,USD,1.0
2025-12-03,CAD,1.32
2025-12-03,AUD,1.55
2025-12-03,EUR,0.92
2025-12-03,GBP,0.79
2025-12-04,USD,1.0
2025-12-04,CAD,1.32
2025-12-04,AUD,1.55
2025-12-04,EUR,0.92
2025-12-04,GBP,0.79
2025-12-05,USD,1.0
2025-12-05,CAD,1.32
2025-12-05,AUD,1.55
2025-12-05,EUR,0.92
2025-12-05,GBP,0.79
2025-12-06,USD,1.0
2025-12-06,CAD,1.32
2025-12-06,AUD,1.55
2025-12-06,EUR,0.92
2025-12-06,GBP,0.79
2025-12-07,USD,1.0
2025-12-07,CAD,1.32
2025-12-07,AUD,1.55
2025-12-07,EUR,0.92
2025-12-07,GBP,0.79
2025-12-08,USD,1.0
2025-12-08,CAD,1.32
2025-12-08,AUD,1.55
2025-12-08,EUR,0.92
2025-12-08,GBP,0.79
2025-12-09,USD,1.0
2025-12-09,CAD,1.32
2025-12-09,AUD,1.55
2025-12-09,EUR,0.92
2025-12-09,GBP,0.79
2025-12-10,USD,1.0
2025-12-10,CAD,1.32
2025-12-10,AUD,1.55
2025-12-10,EUR,0.92
2025-12-10,GBP,0.79
2025-12-11,USD,1.0
2025-12-11,CAD,1.32
2025-12-11,AUD,1.55
2025-12-11,EUR,0.92
2025-12-11,GBP,0.79
2025-12-12,USD,1.0
2025-12-12,CAD,1.32
2025-12-12,AUD,1.55
2025-12-12,EUR,0.92
2025-12-12,GBP,0.79
2025-12-13,USD,1.0
2025-12-13,CAD,1.32
2025-12-13,AUD,1.55
2025-12-13,EUR,0.92
2025-12-13,GBP,0.79
2025-12-14,USD,1.0
2025-12-14,CAD,1.32
2025-12-14,AUD,1.55
2025-12-14,EUR,0.92
2025-12-14,GBP,0.79
2025-12-15,USD,1.0
2025-12-15,CAD,1.32
2025-12-15,AUD,1.55
2025-12-15,EUR,0.92
2025-12-15,GBP,0.79
2025-12-16,USD,1.0
2025-12-16,CAD,1.32
2025-12-16,AUD,1.55
2025-12-16,EUR,0.92
2025-12-16,GBP,0.79
2025-12-17,USD,1.0
2025-12-17,CAD,1.32
2025-12-17,AUD,1.55
2025-12-17,EUR,0.92
2025-12-17,GBP,0.79
2025-12-18,USD,1.0
2025-12-18,CAD,1.32
2025-12-18,AUD,1.55
2025-12-18,EUR,0.92
2025-12-18,GBP,0.79
2025-12-19,USD,1.0
2025-12-19,CAD,1.32
2025-12-19,AUD,1.55
2025-12-19,EUR,0.92
2025-12-19,GBP,0.79
2025-12-20,USD,1.0
2025-12-20,CAD,1.32
2025-12-20,AUD,1.55
2025-12-20,EUR,0.92
2025-12-20,GBP,0.79
2025-12-21,USD,1.0
2025-12-21,CAD,1.32
2025-12-21,AUD,1.55
2025-12-21,EUR,0.92
2025-12-21,GBP,0.79
2025-12-22,USD,1.0
2025-12-22,CAD,1.32
2025-12-22,AUD,1.55
2025-12-22,EUR,0.92
2025-12-22,GBP,0.79
2025-12-23,USD,1.0
2025-12-23,CAD,1.32
2025-12-23,AUD,1.55
2025-12-23,EUR,0.92
2025-12-23,GBP,0.79
2025-12-24,USD,1.0
2025-12-24,CAD,1.32
2025-12-24,AUD,1.55
2025-12-24,EUR,0.92
2025-12-24,GBP,0.79
2025-12-25,USD,1.0
2025-12-25,CAD,1.32
2025-12-25,AUD,1.55
2025-12-25,EUR,0.92
2025-12-25,GBP,0.79
2025-12-26,USD,1.0
2025-12-26,CAD,1.32
2025-12-26,AUD,1.55
2025-12-26,EUR,0.92
2025-12-26,GBP,0.79
2025-12-27,USD,1.0
2025-12-27,CAD,1.32
2025-12-27,AUD,1.55
2025-12-27,EUR,0.92
2025-12-27,GBP,0.79
2025-12-28,USD,1.0
2025-12-28,CAD,1.32
2025-12-28,AUD,1.55
2025-12-28,EUR,0.92
2025-12-28,GBP,0.79
2025-12-29,USD,1.0
2025-12-29,CAD,1.32
2025-12-29,AUD,1.55
2025-12-29,EUR,0.92
2025-12-29,GBP,0.79
2025-12-30,USD,1.0
2025-12-30,CAD,1.32
2025-12-30,AUD,1.55
2025-12-30,EUR,0.92
2025-12-30,GBP,0.79
2025-12-31,USD,1.0
2025-12-31,CAD,1.32
2025-12-31,AUD,1.55
2025-12-31,EUR,0.92
2025-12-31,GBP,0.79
